key,source,title,year,date_raw,collection,inventory_no,medium,dimensions,genre,style,description,license,page_url,image_url,local_path,sha256,width,height,wikidata_id,confidence,notes
mcmichael:1243-preparatory-drawing-for-mt-lefroy,mcmichael,Preparatory Drawing for Mt. Lefroy,1930,c. 1930,McMichael Canadian Art Collection,1975.64,graphite on paper,19.3 x 25.5 cm,,,,Check institution terms; Harris died 1970 — PD in Canada for works,https://collections.mcmichael.com/objects/1243/preparatory-drawing-for-mt-lefroy,https://collections.mcmichael.com/internal/media/dispatcher/89835/full,data/swarm/canada_museums/images/mcmichael/1243-preparatory-drawing-for-mt-lefroy.jpg,57af40133214381fcd129fbed8bf5a279e53b295a726b0dce84a96e332f22527,600,455,,high,credit: Gift of Mr. and Mrs. L.P. Harris in memory of Lawren S. Harris.
mcmichael:303-south-end-of-maligne-lake,mcmichael,South End of Maligne Lake,1924,1924,McMichael Canadian Art Collection,1968.16.1,oil on wood panel,27 x 35.2 cm,,,,Check institution terms; Harris died 1970 — PD in Canada for works,https://collections.mcmichael.com/objects/303/south-end-of-maligne-lake,https://collections.mcmichael.com/internal/media/dispatcher/88402/full,data/swarm/canada_museums/images/mcmichael/303-south-end-of-maligne-lake.jpg,0b623dddb14451480d25400f418c9a0a205ef837e066fc358cb18cd166afe1ed,600,454,,high,credit: Gift of Mrs. Lawren Harris
mcmichael:304-newfoundland-coast,mcmichael,Newfoundland Coast,1921,c. 1921,McMichael Canadian Art Collection,1968.16.2,oil on wood panel,26.8 × 34.9 cm (10 9/16 × 13 3/4 in.),,,,Check institution terms; Harris died 1970 — PD in Canada for works,https://collections.mcmichael.com/objects/304/newfoundland-coast,https://collections.mcmichael.com/internal/media/dispatcher/90516/full,data/swarm/canada_museums/images/mcmichael/304-newfoundland-coast.jpg,86f8ae672601d25753526340ee46371d79c669865600534418b14a6a8986be78,500,383,,high,credit: Gift of Mrs. Lawren Harris
mcmichael:324-mountain-sketch-xxix-hamilton-falls-yoho-national-park,mcmichael,"Mountain Sketch XXIX (Hamilton Falls, Yoho National Park)",1926,between 1926 and 1929,McMichael Canadian Art Collection,1968.16.3,oil on paperboard,30.1 × 37.8 cm,,,,Check institution terms; Harris died 1970 — PD in Canada for works,https://collections.mcmichael.com/objects/324/mountain-sketch-xxix-hamilton-falls-yoho-national-park,https://collections.mcmichael.com/internal/media/dispatcher/88403/full,data/swarm/canada_museums/images/mcmichael/324-mountain-sketch-xxix-hamilton-falls-yoho-national-park.jpg,f23a9b2a4861c3ddcaf7a5794666e1db1f7a8232926356a5e4825538f661cd3c,600,482,,high,credit: Gift of Mrs. Lawren Harris
mcmichael:2592-emerald-lake,mcmichael,Emerald Lake,1924,c. 1924,McMichael Canadian Art Collection,1981.40.1,oil on wood panel,30.4 × 37.8 cm (11 15/16 × 14 7/8 in.),,,,Check institution terms; Harris died 1970 — PD in Canada for works,https://collections.mcmichael.com/objects/2592/emerald-lake,https://collections.mcmichael.com/internal/media/dispatcher/88220/full,data/swarm/canada_museums/images/mcmichael/2592-emerald-lake.jpg,46256090d9aa124d48b62569fe968961c825d83e11a9fbe7a9a525cd7a2db67b,500,401,,high,credit: Gift of Mrs. Chester Harris
mcmichael:2593-ellesmere-island,mcmichael,Ellesmere Island,1930,c. 1930,McMichael Canadian Art Collection,1981.40.2,oil on board,"30.4 × 37.7 cm (11 15/16 × 14 13/16 in.)
framed: 43.5 × 51.1 cm (17 1/8 × 20 1/8 in.)",,,,Check institution terms; Harris died 1970 — PD in Canada for works,https://collections.mcmichael.com/objects/2593/ellesmere-island,https://collections.mcmichael.com/internal/media/dispatcher/89054/full,data/swarm/canada_museums/images/mcmichael/2593-ellesmere-island.jpg,0d826e3b424b90eedb8c14eb90a09cd259b975b0f1b10c23dd1868010f55bd0c,600,476,,high,"credit: McMichael Canadian Art Collection, Gift of Mrs. Chester Harris"
mcmichael:2594-mountain-sketch,mcmichael,Mountain Sketch,1924,c. 1924,McMichael Canadian Art Collection,1981.40.3,oil on wood panel,30.3 x 38 cm,,,,Check institution terms; Harris died 1970 — PD in Canada for works,https://collections.mcmichael.com/objects/2594/mountain-sketch,https://collections.mcmichael.com/internal/media/dispatcher/88221/full,data/swarm/canada_museums/images/mcmichael/2594-mountain-sketch.jpg,8e80e30d11b82252aec0b4abff68d4c72ff959dd62c871139ff1bceb14e83978,500,398,,high,credit: Gift of Mrs. Chester Harris
mcmichael:121-the-pool,mcmichael,The Pool,1918,c. 1918,McMichael Canadian Art Collection,1966.15.26,oil on wood panel,26.8 x 35.3 cm,,,,Check institution terms; Harris died 1970 — PD in Canada for works,https://collections.mcmichael.com/objects/121/the-pool,https://collections.mcmichael.com/internal/media/dispatcher/89937/full,data/swarm/canada_museums/images/mcmichael/121-the-pool.jpg,3f476b6ee58f67acda6874d37ac8797af5946bdf58116a5c4b851444fc700c32,600,460,,high,credit: Gift of Mr. R.A. Laidlaw
mcmichael:126-little-house,mcmichael,Little House,1911,c. 1911,McMichael Canadian Art Collection,1966.15.30,oil on paperboard,19.9 x 14.2 cm,,,,Check institution terms; Harris died 1970 — PD in Canada for works,https://collections.mcmichael.com/objects/126/little-house,https://collections.mcmichael.com/internal/media/dispatcher/89519/full,data/swarm/canada_museums/images/mcmichael/126-little-house.jpg,b9bf278c81552bdb13e9342cd357b1167b9fdc7cd3742095b2f870993bfaac79,440,600,,high,credit: Gift of Mr. R.A. Laidlaw
mcmichael:248-montreal-river,mcmichael,Montreal River,1920,c. 1920,McMichael Canadian Art Collection,1966.16.77,oil on paperboard,27 x 34.7 cm (10 5/8 x 13 11/16 in.),,,,Check institution terms; Harris died 1970 — PD in Canada for works,https://collections.mcmichael.com/objects/248/montreal-river,https://collections.mcmichael.com/internal/media/dispatcher/88834/full,data/swarm/canada_museums/images/mcmichael/248-montreal-river.jpg,df3165ab6f0143baa3e3db0da039f4a644afd0b06119da882382d4cf6f91b2e7,600,454,,high,"credit: Gift of the Founders, Robert and Signe McMichael"
mcmichael:249-wood-interior-algoma,mcmichael,"Wood Interior, Algoma",1919,c. 1919,McMichael Canadian Art Collection,1966.16.78,oil on board,26.9 x 35 cm,,,,Check institution terms; Harris died 1970 — PD in Canada for works,https://collections.mcmichael.com/objects/249/wood-interior-algoma,https://collections.mcmichael.com/internal/media/dispatcher/90701/full,data/swarm/canada_museums/images/mcmichael/249-wood-interior-algoma.jpg,e3d98e8ffd9728ed02b16b4550d5483cca955637317373493ec5e0f04e3bb1ca,800,623,,high,"credit: Gift of the Founders, Robert and Signe McMichael"
mcmichael:250-red-maples,mcmichael,Red Maples,1920,1920,McMichael Canadian Art Collection,1966.16.79,oil on wood panel,35.4 x 26.5 cm,,,,Check institution terms; Harris died 1970 — PD in Canada for works,https://collections.mcmichael.com/objects/250/red-maples,https://collections.mcmichael.com/internal/media/dispatcher/88641/full,data/swarm/canada_museums/images/mcmichael/250-red-maples.jpg,08354da51efbb9b787ba4c7e8103dd0d014e21fd343595e0d55ac6036ee994f3,457,600,,high,"credit: Gift of the Founders, Robert and Signe McMichael"
mcmichael:252-beaver-dam,mcmichael,Beaver Dam,1920,1920,McMichael Canadian Art Collection,1966.16.80,oil on board,27 x 34.9 cm,,,,Check institution terms; Harris died 1970 — PD in Canada for works,https://collections.mcmichael.com/objects/252/beaver-dam,https://collections.mcmichael.com/internal/media/dispatcher/90702/full,data/swarm/canada_museums/images/mcmichael/252-beaver-dam.jpg,604e1facc04814bd382edef66b52035e421fc75512ae1b489f1c46bfac075ffb,600,463,,high,"credit: Gift of the Founders, Robert and Signe McMichael"
mcmichael:253-laurentians-r-untitled-v,mcmichael,Laurentians (R); Untitled (V),1912,c. 1912,McMichael Canadian Art Collection,1966.16.81.RV,oil on board,14 x 21.8 cm,,,,Check institution terms; Harris died 1970 — PD in Canada for works,https://collections.mcmichael.com/objects/253/laurentians-r-untitled-v,https://collections.mcmichael.com/internal/media/dispatcher/90455/full,data/swarm/canada_museums/images/mcmichael/253-laurentians-r-untitled-v.jpg,bb9124e819928bdec028a0c99cbdfbc3516343cfae6915ad027c94a0e50c39bd,600,389,,high,"credit: Gift of the Founders, Robert and Signe McMichael"
mcmichael:254-georgian-bay,mcmichael,Georgian Bay,1912,c. 1912,McMichael Canadian Art Collection,1966.16.82,oil on paperboard,13.9 × 21.8 cm (5 1/2 × 8 9/16 in.),,,,Check institution terms; Harris died 1970 — PD in Canada for works,https://collections.mcmichael.com/objects/254/georgian-bay,https://collections.mcmichael.com/internal/media/dispatcher/89800/full,data/swarm/canada_museums/images/mcmichael/254-georgian-bay.jpg,380586a2e593685b9f2ef40a46356895c3ff38283c345697deb89b4fd85d56e4,600,382,,high,"credit: Gift of the Founders, Robert and Signe McMichael"
mcmichael:255-north-shore-lake-superior,mcmichael,"North Shore, Lake Superior",1922,1922,McMichael Canadian Art Collection,1966.16.83,oil on wood panel,26.3 x 35.3 cm,,,,Check institution terms; Harris died 1970 — PD in Canada for works,https://collections.mcmichael.com/objects/255/north-shore-lake-superior,https://collections.mcmichael.com/internal/media/dispatcher/89184/full,data/swarm/canada_museums/images/mcmichael/255-north-shore-lake-superior.jpg,e8f2c598d3e1215c84157d8c07f2e6b369e55a7b56ec02e1eeca865d7a5117b0,600,454,,high,"credit: Gift of the Founders, Robert and Signe McMichael"
mcmichael:256-north-shore-lake-superior,mcmichael,"North Shore, Lake Superior",1926,1926,McMichael Canadian Art Collection,1966.16.84,oil on paperboard,30.1 × 38 cm (11 7/8 × 14 15/16 in.),,,,Check institution terms; Harris died 1970 — PD in Canada for works,https://collections.mcmichael.com/objects/256/north-shore-lake-superior,https://collections.mcmichael.com/internal/media/dispatcher/89820/full,data/swarm/canada_museums/images/mcmichael/256-north-shore-lake-superior.jpg,3028861592dfbb2ec3bd2e591a819a36df22a8d9e8de0e9e57e625c359ce5fdd,600,476,,high,"credit: Gift of the Founders, Robert and Signe McMichael"
mcmichael:257-the-ice-house,mcmichael,The Ice House,1925,1925,McMichael Canadian Art Collection,1966.16.85,oil on paperboard,30.1 x 38 cm,,,,Check institution terms; Harris died 1970 — PD in Canada for works,https://collections.mcmichael.com/objects/257/the-ice-house,https://collections.mcmichael.com/internal/media/dispatcher/90023/full,data/swarm/canada_museums/images/mcmichael/257-the-ice-house.jpg,029befa08f31a8be0d67c648a754b0638564c45e795224f1850885b93c8350ec,600,468,,high,credit: Gift of Mr. R.A. Laidlaw
mcmichael:258-snow-squalls-pic-island,mcmichael,"Snow Squalls, Pic Island",1924,c. 1924,McMichael Canadian Art Collection,1966.16.86,oil on paperboard,30.5 × 37.9 cm (12 × 14 15/16 in.),,,,Check institution terms; Harris died 1970 — PD in Canada for works,https://collections.mcmichael.com/objects/258/snow-squalls-pic-island,https://collections.mcmichael.com/internal/media/dispatcher/89454/full,data/swarm/canada_museums/images/mcmichael/258-snow-squalls-pic-island.jpg,dfecd0225fbcf9784edff96a869a4dfb07cb385a4565d391c051c10a95b498d9,600,490,,high,"credit: McMichael Canadian Art Collection, Gift of the Founders, Robert and Signe McMichael"
mcmichael:259-sand-lake-algoma,mcmichael,"Sand Lake, Algoma",1922,1922,McMichael Canadian Art Collection,1966.16.87,oil on canvas,82.3 × 102 cm (32 3/8 × 40 3/16 in.),,,,Check institution terms; Harris died 1970 — PD in Canada for works,https://collections.mcmichael.com/objects/259/sand-lake-algoma,https://collections.mcmichael.com/internal/media/dispatcher/89455/full,data/swarm/canada_museums/images/mcmichael/259-sand-lake-algoma.jpg,65360f0136c50eae803aa06075d77b5df1433b3021b637a9a2e85a4a76d249fc,600,480,,high,"credit: McMichael Canadian Art Collection, Gift of the Founders, Robert and Signe McMichael"
mcmichael:260-snow-fantasy,mcmichael,Snow Fantasy,1917,c. 1917,McMichael Canadian Art Collection,1966.16.88,oil on canvas,71 × 110.1 cm (27 15/16 × 43 3/8 in.),,,,Check institution terms; Harris died 1970 — PD in Canada for works,https://collections.mcmichael.com/objects/260/snow-fantasy,https://collections.mcmichael.com/internal/media/dispatcher/90024/full,data/swarm/canada_museums/images/mcmichael/260-snow-fantasy.jpg,a0467d886a6a2334c5697e3b58ab7c10237168f7b903a4625b4932f9e1fe00de,600,391,,high,"credit: McMichael Canadian Art Collection, Gift of Keith and Edith MacIver"
mcmichael:261-old-toronto-houses,mcmichael,Old Toronto Houses,1912,c. 1912,McMichael Canadian Art Collection,1966.16.89,graphite on paper,sheet: 26.1 x 20.5 cm; image: 23.1 x 18.1 cm,,,,Check institution terms; Harris died 1970 — PD in Canada for works,https://collections.mcmichael.com/objects/261/old-toronto-houses,https://collections.mcmichael.com/internal/media/dispatcher/89670/full,data/swarm/canada_museums/images/mcmichael/261-old-toronto-houses.jpg,18d09daf62d647ac8bbd94a5fb5ef7210ba35864d0857df1a652b4f72fe7b762,475,600,,high,"credit: Gift of the Founders, Robert and Signe McMichael"
mcmichael:280-rocky-brook,mcmichael,Rocky Brook,1910,c. 1910,McMichael Canadian Art Collection,1966.3.1,oil on paperboard,14.1 x 22 cm,,,,Check institution terms; Harris died 1970 — PD in Canada for works,https://collections.mcmichael.com/objects/280/rocky-brook,https://collections.mcmichael.com/internal/media/dispatcher/89151/full,data/swarm/canada_museums/images/mcmichael/280-rocky-brook.jpg,36f99d0539f6a60f6ebddb50c4118210feedd9a90a4da3de3d0858db85195e9f,600,388,,high,credit: Given in Memory of Keith MacIver
mcmichael:287-lake-superior-island,mcmichael,Lake Superior Island,1923,c. 1923,McMichael Canadian Art Collection,1966.5.3,oil on canvas,74.2 x 89 cm,,,,Check institution terms; Harris died 1970 — PD in Canada for works,https://collections.mcmichael.com/objects/287/lake-superior-island,https://collections.mcmichael.com/internal/media/dispatcher/89001/full,data/swarm/canada_museums/images/mcmichael/287-lake-superior-island.jpg,f928348624ff749a30926dc3b899b6453056056bd51777ac50d475d2761b4e1f,600,497,,high,credit: Gift of Mrs. F.B. Housser
mcmichael:295-northern-lake-autumn,mcmichael,"Northern Lake, Autumn",1925,1925 or later,McMichael Canadian Art Collection,1966.9,oil on plywood,30.6 x 38.1 cm,,,,Check institution terms; Harris died 1970 — PD in Canada for works,https://collections.mcmichael.com/objects/295/northern-lake-autumn,https://collections.mcmichael.com/internal/media/dispatcher/89153/full,data/swarm/canada_museums/images/mcmichael/295-northern-lake-autumn.jpg,6d9f17acd41381fd6f1debf96442c677e7897f3993357d00a66313433d9dbea8,600,484,,high,credit: Gift of Mrs. Edwin Meredith
mcmichael:305-a-street-in-barrie,mcmichael,A Street in Barrie,1920,c. 1920,McMichael Canadian Art Collection,1968.13.1,graphite on paper,20.5 x 25.9 cm,,,,Check institution terms; Harris died 1970 — PD in Canada for works,https://collections.mcmichael.com/objects/305/a-street-in-barrie,https://collections.mcmichael.com/internal/media/dispatcher/89348/full,data/swarm/canada_museums/images/mcmichael/305-a-street-in-barrie.jpg,d3569bac215d55921807d1d9e6e3485f70aef8768180d5439a3d7d46d7167532,600,474,,high,credit: Gift of Mr. Thoreau MacDonald
mcmichael:306-early-houses-with-gate-posts,mcmichael,Early Houses with Gate Posts,1921,c. 1921,McMichael Canadian Art Collection,1968.13.2,graphite on paper,20.3 x 25.6 cm,,,,Check institution terms; Harris died 1970 — PD in Canada for works,https://collections.mcmichael.com/objects/306/early-houses-with-gate-posts,https://collections.mcmichael.com/internal/media/dispatcher/89999/full,data/swarm/canada_museums/images/mcmichael/306-early-houses-with-gate-posts.jpg,f8b18460a98dd5672597e6a9e2023260fb1ddd661d2b0f69c35c3cab851eabf0,600,474,,high,credit: Gift of Mr. Thoreau MacDonald
mcmichael:307-mount-temple,mcmichael,Mount Temple,1926,between 1926 and 1928,McMichael Canadian Art Collection,1968.25.11,oil on paperboard,30.5 × 37.5 cm (12 × 14 3/4 in.),,,,Check institution terms; Harris died 1970 — PD in Canada for works,https://collections.mcmichael.com/objects/307/mount-temple,https://collections.mcmichael.com/internal/media/dispatcher/88313/full,data/swarm/canada_museums/images/mcmichael/307-mount-temple.jpg,451b2e7425dce99c9c498f104782085332091837a2f16f309358304f130b75bf,600,482,,high,"credit: McMichael Canadian Art Collection, Gift of Mr. C.A.G. Matthews"
mcmichael:308-algoma,mcmichael,Algoma,1919,c. 1919,McMichael Canadian Art Collection,1968.25.12,oil on wood panel,26.7 × 34.3 cm (10 1/2 × 13 1/2 in.),,,,Check institution terms; Harris died 1970 — PD in Canada for works,https://collections.mcmichael.com/objects/308/algoma,https://collections.mcmichael.com/internal/media/dispatcher/89270/full,data/swarm/canada_museums/images/mcmichael/308-algoma.jpg,70babb636743cf667df4e65b5a6c1889248c076a1300f6360ce385df8a62faed,600,470,,high,"credit: McMichael Canadian Art Collection, Gift of Mr. C.A.G. Matthews"
mcmichael:330-maligne-lake-r-untitled-v,mcmichael,Maligne Lake (R); Untitled (V),1940,c. 1940,McMichael Canadian Art Collection,1968.19.1.RV,tempera on board,71 x 100 cm,,,,Check institution terms; Harris died 1970 — PD in Canada for works,https://collections.mcmichael.com/objects/330/maligne-lake-r-untitled-v,https://collections.mcmichael.com/internal/media/dispatcher/90541/full,data/swarm/canada_museums/images/mcmichael/330-maligne-lake-r-untitled-v.jpg,723e88df75df82d0d1cf5a394c6c5f30db13ee35900e160729c608528ac6a012,600,426,,high,credit: Gift of Mr. C.A.G. Matthews
mcmichael:401-eclipse-sound-and-bylot-island,mcmichael,Eclipse Sound and Bylot Island,1930,1930,McMichael Canadian Art Collection,1968.7.3,oil on wood panel,30.2 x 38 cm (11 7/8 x 14 15/16 in.),,,,Check institution terms; Harris died 1970 — PD in Canada for works,https://collections.mcmichael.com/objects/401/eclipse-sound-and-bylot-island,https://collections.mcmichael.com/internal/media/dispatcher/88311/full,data/swarm/canada_museums/images/mcmichael/401-eclipse-sound-and-bylot-island.jpg,d57bfe6e3837d97ccbd098f04ec40de9dd576a5192c4ebc71f2dea394d4e1f36,600,471,,high,credit: Gift of Colonel R.S. McLaughlin
mcmichael:402-pic-island,mcmichael,Pic Island,1924,c. 1924,McMichael Canadian Art Collection,1968.7.4,oil on canvas,123.3 × 153.9 cm (48 9/16 × 60 9/16 in.),,,,Check institution terms; Harris died 1970 — PD in Canada for works,https://collections.mcmichael.com/objects/402/pic-island,https://collections.mcmichael.com/internal/media/dispatcher/88884/full,data/swarm/canada_museums/images/mcmichael/402-pic-island.jpg,e1ac563dd22b2ce11f35666e04e2e1a69b85c8b2c53ac7b820aab5872a8f333f,600,481,,high,"credit: McMichael Canadian Art Collection, Gift of Colonel R.S. McLaughlin"
mcmichael:403-northern-lake,mcmichael,Northern Lake,1923,c. 1923,McMichael Canadian Art Collection,1968.7.5,oil on canvas,"82.5 × 102.8 cm (32 1/2 × 40 1/2 in.)
thickness: 2.8 cm",,,,Check institution terms; Harris died 1970 — PD in Canada for works,https://collections.mcmichael.com/objects/403/northern-lake,https://collections.mcmichael.com/internal/media/dispatcher/88652/full,data/swarm/canada_museums/images/mcmichael/403-northern-lake.jpg,625680ccf57aad822ce7e24df663f0891c18925b8606e9c040a8abfed2b34a90,600,484,,high,credit: Gift of Colonel R.S. McLaughlin
mcmichael:441-snow-rocky-mountains,mcmichael,"Snow, Rocky Mountains",1925,c. 1925,McMichael Canadian Art Collection,1969.13.1,oil on paperboard,27 x 35.4 cm,,,,Check institution terms; Harris died 1970 — PD in Canada for works,https://collections.mcmichael.com/objects/441/snow-rocky-mountains,https://collections.mcmichael.com/internal/media/dispatcher/90679/full,data/swarm/canada_museums/images/mcmichael/441-snow-rocky-mountains.jpg,30af2730f13e62202819378cc6b7206340c36e81be0467040cdc88d6ddc54d7d,600,450,,high,"credit: Gift of the Founders, Robert and Signe McMichael"
mcmichael:442-north-east-lake-superior,mcmichael,North East Lake Superior,1921,c. 1921,McMichael Canadian Art Collection,1969.13.2,oil on wood panel,26.7 x 34.6 cm,,,,Check institution terms; Harris died 1970 — PD in Canada for works,https://collections.mcmichael.com/objects/442/north-east-lake-superior,https://collections.mcmichael.com/internal/media/dispatcher/88838/full,data/swarm/canada_museums/images/mcmichael/442-north-east-lake-superior.jpg,4ec97fa9c3556b68b6329be9d1823f6c94eafed1617d12a393f562462e5e3eb4,600,448,,high,"credit: Gift of the Founders, Robert and Signe McMichael"
mcmichael:452-algoma-sketch,mcmichael,Algoma Sketch,1918,c. 1918,McMichael Canadian Art Collection,1969.15.2,oil on wood panel,26.4 x 35.4 cm,,,,Check institution terms; Harris died 1970 — PD in Canada for works,https://collections.mcmichael.com/objects/452/algoma-sketch,https://collections.mcmichael.com/internal/media/dispatcher/89271/full,data/swarm/canada_museums/images/mcmichael/452-algoma-sketch.jpg,eb351f99fa70f9ad467ea013c254dc21ab15777e63fc20655ff17ac189d8e26e,500,375,,high,credit: Gift of Mr. R.A. Laidlaw
mcmichael:453-algonquin-park,mcmichael,Algonquin Park,1917,c. 1917,McMichael Canadian Art Collection,1969.15.3,oil on paperboard,35.4 x 27 cm,,,,Check institution terms; Harris died 1970 — PD in Canada for works,https://collections.mcmichael.com/objects/453/algonquin-park,https://collections.mcmichael.com/internal/media/dispatcher/90270/full,data/swarm/canada_museums/images/mcmichael/453-algonquin-park.jpg,cc43995044e7aec8ae9b7c762377d9e1842ebd788fa66b2fd40ef7f5ecc86024,467,600,,high,credit: Gift of Mr. R.A. Laidlaw
mcmichael:455-portrait-of-louise-julia-holden,mcmichael,Portrait of Louise Julia Holden,1921,c. 1921,McMichael Canadian Art Collection,1969.16,oil on canvas,76.5 × 66.1 cm (30 1/8 × 26 in.),,,,Check institution terms; Harris died 1970 — PD in Canada for works,https://collections.mcmichael.com/objects/455/portrait-of-louise-julia-holden,https://collections.mcmichael.com/internal/media/dispatcher/90189/full,data/swarm/canada_museums/images/mcmichael/455-portrait-of-louise-julia-holden.jpg,7210facd97d456b1053ff18a56574fc81e038f5ef466d9174a2074fa662de783,523,600,,low,title may be photo/portrait of Harris rather than a work by him; credit: Gift of Mrs. Doris H. Speirs
mcmichael:456-northern-lake,mcmichael,Northern Lake,1926,c. 1926,McMichael Canadian Art Collection,1969.17.1,oil on paperboard,30.4 x 37.6 cm,,,,Check institution terms; Harris died 1970 — PD in Canada for works,https://collections.mcmichael.com/objects/456/northern-lake,https://collections.mcmichael.com/internal/media/dispatcher/89396/full,data/swarm/canada_museums/images/mcmichael/456-northern-lake.jpg,a026e550b68c1bfe0a0f83066318cce49411b178880d988eb3d1fe23a3428892,800,637,,high,credit: Gift of Dr. J. Murray Speirs
mcmichael:457-lake-simcoe,mcmichael,Lake Simcoe,1916,c. 1916,McMichael Canadian Art Collection,1969.17.2,oil on wood panel,27.1 x 35.2 cm (10 11/16 x 13 7/8 in.),,,,Check institution terms; Harris died 1970 — PD in Canada for works,https://collections.mcmichael.com/objects/457/lake-simcoe,https://collections.mcmichael.com/internal/media/dispatcher/88454/full,data/swarm/canada_museums/images/mcmichael/457-lake-simcoe.jpg,dbe599ed5b42a56938b6fd982e976ab8250299c871f9ea8c4fd6c4e679c197d7,600,462,,high,credit: Gift of Dr. J. Murray Speirs
mcmichael:458-algonquin-park-sunburst,mcmichael,Algonquin Park Sunburst,1912,1912,McMichael Canadian Art Collection,1969.18.1,oil on paperboard,20.3 x 23.5 cm,,,,Check institution terms; Harris died 1970 — PD in Canada for works,https://collections.mcmichael.com/objects/458/algonquin-park-sunburst,https://collections.mcmichael.com/internal/media/dispatcher/90586/full,data/swarm/canada_museums/images/mcmichael/458-algonquin-park-sunburst.jpg,66343177b6b505eedcd5b9dc17291a62ceed7da804426efbba547e2030b2ae03,500,389,,high,credit: Gift of Mrs. Doris H. Speirs
mcmichael:550-emerald-lake,mcmichael,Emerald Lake,1924,c. 1924,McMichael Canadian Art Collection,1969.7.2,oil on paperboard,30.4 × 37.9 cm (11 15/16 × 14 15/16 in.),,,,Check institution terms; Harris died 1970 — PD in Canada for works,https://collections.mcmichael.com/objects/550/emerald-lake,https://collections.mcmichael.com/internal/media/dispatcher/88614/full,data/swarm/canada_museums/images/mcmichael/550-emerald-lake.jpg,538353b918e9482e688876e5a33ed6dd925f964ee73081d3eaf3633aa16435d2,600,474,,high,"credit: Given In Memory of T. Campbell Newman, Q.C."
mcmichael:563-mountains-and-lake,mcmichael,Mountains and Lake,1929,1929,McMichael Canadian Art Collection,1970.1.1,oil on canvas,92 x 114.8 cm (36 1/4 x 45 3/16 in.),,,,Check institution terms; Harris died 1970 — PD in Canada for works,https://collections.mcmichael.com/objects/563/mountains-and-lake,https://collections.mcmichael.com/internal/media/dispatcher/88721/full,data/swarm/canada_museums/images/mcmichael/563-mountains-and-lake.jpg,3911de0af8bad0ebaaa370f3b5e2ec5bb28ea22554a70ce95f33c644401d57af,600,480,,high,"credit: McMichael Canadian Art Collection, Gift of Mr. R.A. Laidlaw"
mcmichael:571-in-the-ward,mcmichael,In the Ward,1922,1922,McMichael Canadian Art Collection,1970.12.1,oil on board,27 x 34 cm,,,,Check institution terms; Harris died 1970 — PD in Canada for works,https://collections.mcmichael.com/objects/571/in-the-ward,https://collections.mcmichael.com/internal/media/dispatcher/88699/full,data/swarm/canada_museums/images/mcmichael/571-in-the-ward.jpg,516abada5ea44549629ba0837d0ee91f1c9c3057e0c0fca345d4f9cda2546979,600,476,,high,credit: Purchased with funds donated by Mr. R.A. Laidlaw
mcmichael:575-old-mill,mcmichael,Old Mill,1911,c. 1911,McMichael Canadian Art Collection,1970.14.1,oil on wood panel,25.4 x 20.4 cm,,,,Check institution terms; Harris died 1970 — PD in Canada for works,https://collections.mcmichael.com/objects/575/old-mill,https://collections.mcmichael.com/internal/media/dispatcher/88333/full,data/swarm/canada_museums/images/mcmichael/575-old-mill.jpg,9f089ce21ec3a8643ac69e414d09724f64541c8347b9e5fe1a60e09e201251a5,481,600,,high,"credit: Gift of the Founders, Robert and Signe McMichael"
mcmichael:622-rocky-mountain-sketch-mt-lefroy,mcmichael,"Rocky Mountain Sketch, Mt. Lefroy",1929,c. 1929,McMichael Canadian Art Collection,1971.12,oil on paperboard,30.5 × 38.1 cm (12 × 15 in.),,,,Check institution terms; Harris died 1970 — PD in Canada for works,https://collections.mcmichael.com/objects/622/rocky-mountain-sketch-mt-lefroy,https://collections.mcmichael.com/internal/media/dispatcher/89875/full,data/swarm/canada_museums/images/mcmichael/622-rocky-mountain-sketch-mt-lefroy.jpg,569c7b2afcbbd45b4305ee37dc81f792541391766b43811390f72a55145f4701,600,484,,high,"credit: McMichael Canadian Art Collection, Gift of Mr. R.G. Colgrove"
mcmichael:634-icebergs-davis-strait,mcmichael,"Icebergs, Davis Strait",1930,1930,McMichael Canadian Art Collection,1971.17,oil on canvas,121.9 × 152.4 cm (48 × 60 in.),,,,Check institution terms; Harris died 1970 — PD in Canada for works,https://collections.mcmichael.com/objects/634/icebergs-davis-strait,https://collections.mcmichael.com/internal/media/dispatcher/88451/full,data/swarm/canada_museums/images/mcmichael/634-icebergs-davis-strait.jpg,5f0865dd142fda1ac994fdc6a2c22a9f2ae95e1daaa28c78c6fc1fc37d8e099d,600,482,,high,"credit: McMichael Canadian Art Collection, Gift of Mr. and Mrs. H. Spencer Clark"
mcmichael:650-shore-rocks,mcmichael,Shore Rocks,1924,1924,McMichael Canadian Art Collection,1971.21,oil on paperboard,30.3 × 38 cm (11 15/16 × 14 15/16 in.),,,,Check institution terms; Harris died 1970 — PD in Canada for works,https://collections.mcmichael.com/objects/650/shore-rocks,https://collections.mcmichael.com/internal/media/dispatcher/90726/full,data/swarm/canada_museums/images/mcmichael/650-shore-rocks.jpg,06e727640b9fd9e4f8ad61984477657651577f1bcda472d681a544d18aab0750,600,480,,high,"credit: McMichael Canadian Art Collection, Purchase 1971"
mcmichael:655-autumn-rhythm,mcmichael,Autumn Rhythm,1957,c. 1957,McMichael Canadian Art Collection,1971.7,oil on canvas,91 x 68.1 cm,,,,Check institution terms; Harris died 1970 — PD in Canada for works,https://collections.mcmichael.com/objects/655/autumn-rhythm,https://collections.mcmichael.com/internal/media/dispatcher/89770/full,data/swarm/canada_museums/images/mcmichael/655-autumn-rhythm.jpg,427f5657fec72cc963bc9552e6fe581a6d2c364262266644e0807dd2a0db9090,374,500,,high,credit: Gift of Mr. and Mrs. R.W.M. Manuge
mcmichael:656-abstract-sketch,mcmichael,Abstract Sketch,1937,c. 1937,McMichael Canadian Art Collection,1971.8,oil on wood panel,30.7 × 38 cm (12 1/16 × 14 15/16 in.),,,,Check institution terms; Harris died 1970 — PD in Canada for works,https://collections.mcmichael.com/objects/656/abstract-sketch,https://collections.mcmichael.com/internal/media/dispatcher/90261/full,data/swarm/canada_museums/images/mcmichael/656-abstract-sketch.jpg,7a2feaba23737c5be121d6d53a58c114dda4c74313b9f83ee6f0d87f68677fa0,600,485,,high,"credit: McMichael Canadian Art Collection, Purchase 1971"
mcmichael:685-lake-and-mountains,mcmichael,Lake and Mountains,1927,1927,McMichael Canadian Art Collection,1972.18.12,oil on paperboard,30.3 × 38 cm (11 15/16 × 14 15/16 in.),,,,Check institution terms; Harris died 1970 — PD in Canada for works,https://collections.mcmichael.com/objects/685/lake-and-mountains,https://collections.mcmichael.com/internal/media/dispatcher/88400/full,data/swarm/canada_museums/images/mcmichael/685-lake-and-mountains.jpg,fee35e068a88ea30fc3d2e81afd53904289ed81af47fd545376ca796c3a6fc05,800,644,,high,"credit: McMichael Canadian Art Collection, Gift of the Founders, Robert and Signe McMichael"
mcmichael:700-kempenfelt-bay,mcmichael,Kempenfelt Bay,1916,1916,McMichael Canadian Art Collection,1972.5.1,oil on paperboard,26.9 x 35.3 cm,,,,Check institution terms; Harris died 1970 — PD in Canada for works,https://collections.mcmichael.com/objects/700/kempenfelt-bay,https://collections.mcmichael.com/internal/media/dispatcher/89686/full,data/swarm/canada_museums/images/mcmichael/700-kempenfelt-bay.jpg,f280cd618b6ab932c2425a4f936d67ecdbc327a5e9971dc5e00c747c59617a51,500,389,,high,credit: Purchase 1972
mcmichael:708-lake-superior-country,mcmichael,Lake Superior Country,1922,1922,McMichael Canadian Art Collection,1972.7,oil on wood panel,26.6 x 35.3 cm (10 1/2 x 13 7/8 in.),,,,Check institution terms; Harris died 1970 — PD in Canada for works,https://collections.mcmichael.com/objects/708/lake-superior-country,https://collections.mcmichael.com/internal/media/dispatcher/89762/full,data/swarm/canada_museums/images/mcmichael/708-lake-superior-country.jpg,2a172d5f50c84eb3d3fcde0c33f5eee812a878b9b101bd722c6c253234567542,600,456,,high,credit: Purchase 1972
mcmichael:744-pic-island,mcmichael,Pic Island,1923,1923,McMichael Canadian Art Collection,1973.14.1,oil on wood panel,30.1 × 37.9 cm (11 7/8 × 14 15/16 in.),,,,Check institution terms; Harris died 1970 — PD in Canada for works,https://collections.mcmichael.com/objects/744/pic-island,https://collections.mcmichael.com/internal/media/dispatcher/88259/full,data/swarm/canada_museums/images/mcmichael/744-pic-island.jpg,b08e7a4c7e5be6dd187ef63fda1f6cbd2129b7bf78d8f81f1fb318035b110b15,600,472,,high,"credit: McMichael Canadian Art Collection, Gift of the Founders, Robert and Signe McMichael"
mcmichael:748-quidi-vidi-gut-newfoundland,mcmichael,"Quidi Vidi Gut, Newfoundland",1921,1921,McMichael Canadian Art Collection,1973.15,oil on wood panel,26.7 × 35.2 cm (10 1/2 × 13 7/8 in.),,,,Check institution terms; Harris died 1970 — PD in Canada for works,https://collections.mcmichael.com/objects/748/quidi-vidi-gut-newfoundland,https://collections.mcmichael.com/internal/media/dispatcher/89307/full,data/swarm/canada_museums/images/mcmichael/748-quidi-vidi-gut-newfoundland.jpg,968216675dc8673ff8e12c5b103d799cb3bf508562d94a09b6ba6b4e774cf866,500,375,,high,credit: Gift of Sir Leonard Outerbridge
mcmichael:769-sunlit-hill,mcmichael,Sunlit Hill,1919,1919,McMichael Canadian Art Collection,1973.5,oil on wood panel,26.1 x 34.6 cm,,,,Check institution terms; Harris died 1970 — PD in Canada for works,https://collections.mcmichael.com/objects/769/sunlit-hill,https://collections.mcmichael.com/internal/media/dispatcher/90424/full,data/swarm/canada_museums/images/mcmichael/769-sunlit-hill.jpg,8f52eb69f846dbda44938d938f09db856420d90fa4893b3a494754782bd6fa10,500,388,,high,credit: Gift of Miss A. Saltmarsh
mcmichael:785-country-north-of-lake-superior-2,mcmichael,Country North of Lake Superior #2,1921,c. 1921,McMichael Canadian Art Collection,1974.11.1,oil on wood panel,26.2 × 35.1 cm (10 5/16 × 13 13/16 in.),,,,Check institution terms; Harris died 1970 — PD in Canada for works,https://collections.mcmichael.com/objects/785/country-north-of-lake-superior-2,https://collections.mcmichael.com/internal/media/dispatcher/88531/full,data/swarm/canada_museums/images/mcmichael/785-country-north-of-lake-superior-2.jpg,49468e15d7034c5ab066a10ba8783cec6da6da10a5bd878915eaf4e292ebd632,600,446,,high,"credit: Gift of the Founders, Robert and Signe McMichael"
mcmichael:794-sand-lake-algoma,mcmichael,"Sand Lake, Algoma",1918,c. 1918,McMichael Canadian Art Collection,1974.16,oil on wood panel,26.8 × 35.3 cm (10 9/16 × 13 7/8 in.),,,,Check institution terms; Harris died 1970 — PD in Canada for works,https://collections.mcmichael.com/objects/794/sand-lake-algoma,https://collections.mcmichael.com/internal/media/dispatcher/89496/full,data/swarm/canada_museums/images/mcmichael/794-sand-lake-algoma.jpg,2f2488723e04c8142a45189e8cb003fc96f8ab930d7cf92b99e338228f0cbf9e,600,459,,high,"credit: McMichael Canadian Art Collection, Gift of Mr. and Mrs. John A. Jackson"
mcmichael:1259-mt-lefroy,mcmichael,Mt. Lefroy,1930,1930,McMichael Canadian Art Collection,1975.7,oil on canvas,"133.5 × 153.5 cm (52 9/16 × 60 7/16 in.)
framed: 149.9 × 170.2 × 8.9 cm (59 × 67 × 3 1/2 in.)",,,,Check institution terms; Harris died 1970 — PD in Canada for works,https://collections.mcmichael.com/objects/1259/mt-lefroy,https://collections.mcmichael.com/internal/media/dispatcher/88933/full,data/swarm/canada_museums/images/mcmichael/1259-mt-lefroy.jpg,a9b27eae0e78d05c649730b0b887b015e45193e2c9fb341c37beaac064b1a11b,600,520,,high,"credit: McMichael Canadian Art Collection, Purchase 1975"
mcmichael:1307-early-houses,mcmichael,Early Houses,1913,c. 1913,McMichael Canadian Art Collection,1976.25.5,oil on board,27 x 33.5 cm,,,,Check institution terms; Harris died 1970 — PD in Canada for works,https://collections.mcmichael.com/objects/1307/early-houses,https://collections.mcmichael.com/internal/media/dispatcher/90432/full,data/swarm/canada_museums/images/mcmichael/1307-early-houses.jpg,d1da378177cc6eb954414e90ea3d56e1eea139680df6050835eb51f40da4d8a1,600,485,,high,"credit: Gift of the Founders, Robert and Signe McMichael"
mcmichael:1319-algoma-sketch-1,mcmichael,Algoma Sketch #1,1918,c. 1918,McMichael Canadian Art Collection,1976.29.1,oil on wood panel,26.4 × 32 cm (10 3/8 × 12 5/8 in.),,,,Check institution terms; Harris died 1970 — PD in Canada for works,https://collections.mcmichael.com/objects/1319/algoma-sketch-1,https://collections.mcmichael.com/internal/media/dispatcher/89437/full,data/swarm/canada_museums/images/mcmichael/1319-algoma-sketch-1.jpg,7307aa6c3b6f763d055abea9732cbeee02505d26a0df95d9cd7b8599e74e9418,600,484,,high,"credit: McMichael Canadian Art Collection, Purchase 1976"
mcmichael:1320-algoma-sketch-2,mcmichael,Algoma Sketch #2,1918,c. 1918,McMichael Canadian Art Collection,1976.29.2,oil on wood panel,26.7 × 32 cm (10 1/2 × 12 5/8 in.),,,,Check institution terms; Harris died 1970 — PD in Canada for works,https://collections.mcmichael.com/objects/1320/algoma-sketch-2,https://collections.mcmichael.com/internal/media/dispatcher/88494/full,data/swarm/canada_museums/images/mcmichael/1320-algoma-sketch-2.jpg,8365935d6c10359e6aedcb8b1fa7a48339b6425114d81fbffdfa7e7c4eafb43b,500,418,,high,"credit: McMichael Canadian Art Collection, Purchase 1976"
mcmichael:1916-algoma-reflections,mcmichael,Algoma Reflections,1919,c. 1919,McMichael Canadian Art Collection,1978.34.2,oil on wood panel,27 × 35.1 cm (10 5/8 × 13 13/16 in.),,,,Check institution terms; Harris died 1970 — PD in Canada for works,https://collections.mcmichael.com/objects/1916/algoma-reflections,https://collections.mcmichael.com/internal/media/dispatcher/90420/full,data/swarm/canada_museums/images/mcmichael/1916-algoma-reflections.jpg,8288d4fdd86f84b2bdcd98f70473698bb326a6171d717c34e1480b3197e04256,600,461,,high,"credit: McMichael Canadian Art Collection, Gift of the Founders, Robert and Signe McMichael"
mcmichael:1965-mount-robson,mcmichael,Mount Robson,1929,c. 1929,McMichael Canadian Art Collection,1979.20,oil on canvas,128.3 × 152.4 cm (50 1/2 × 60 in.),,,,Check institution terms; Harris died 1970 — PD in Canada for works,https://collections.mcmichael.com/objects/1965/mount-robson,https://collections.mcmichael.com/internal/media/dispatcher/88251/full,data/swarm/canada_museums/images/mcmichael/1965-mount-robson.jpg,2efba2abfda6048d65e8f8a1da4ccd5d8625a8b68fc6726cc98f5476a0cdf30b,600,500,,high,credit: Purchase 1979
mcmichael:2055-hill-at-batchawana-algoma,mcmichael,"Hill at Batchawana, Algoma",1918,c. 1918,McMichael Canadian Art Collection,1980.20,oil on wood panel,26.1 × 35.5 cm (10 1/4 × 14 in.),,,,Check institution terms; Harris died 1970 — PD in Canada for works,https://collections.mcmichael.com/objects/2055/hill-at-batchawana-algoma,https://collections.mcmichael.com/internal/media/dispatcher/88668/full,data/swarm/canada_museums/images/mcmichael/2055-hill-at-batchawana-algoma.jpg,3dfe04ac8544932439ca264da83bf6418fef92572cc7a3f7dd0e0c3f72230b15,600,450,,high,credit: Given in Memory of Elsie G. Raikes
mcmichael:2072-sentinels,mcmichael,Sentinels,1926,c. 1926,McMichael Canadian Art Collection,1980.9,oil on paperboard,30.5 × 38.1 cm (12 × 15 in.),,,,Check institution terms; Harris died 1970 — PD in Canada for works,https://collections.mcmichael.com/objects/2072/sentinels,https://collections.mcmichael.com/internal/media/dispatcher/90339/full,data/swarm/canada_museums/images/mcmichael/2072-sentinels.jpg,689e812c2831d4d89becceaca3dda3672e568c845bad7a4dbf9e1b2646f908cf,600,482,,high,"credit: McMichael Canadian Art Collection, Gift of the Family in Memory of Helen O'Reilly"
mcmichael:2453-untitled-landscape,mcmichael,Untitled (landscape),,,McMichael Canadian Art Collection,1981.212.1,tempera on board (interior panel of a shutter),66.3 x 33 cm,,,,Check institution terms; Harris died 1970 — PD in Canada for works,https://collections.mcmichael.com/objects/2453/untitled-landscape,https://collections.mcmichael.com/internal/media/dispatcher/91745/full,data/swarm/canada_museums/images/mcmichael/2453-untitled-landscape.jpg,7b03a6630edb28bd3ac4adb5c030d9cfd040090e55f72591366a3264eff53e40,672,691,,high,credit: McMichael Canadian Art Collection
mcmichael:2460-iceberg,mcmichael,Iceberg,,,McMichael Canadian Art Collection,1981.213.5,tempera on board,128.5 × 112.7 cm (50 9/16 × 44 3/8 in.),,,,Check institution terms; Harris died 1970 — PD in Canada for works,https://collections.mcmichael.com/objects/2460/iceberg,https://collections.mcmichael.com/internal/media/dispatcher/90628/full,data/swarm/canada_museums/images/mcmichael/2460-iceberg.jpg,dcfcf2f5a690f4a816bac8d4ecb7ee9dd61f508e9a442ff57f6d71f52671c455,432,500,,high,credit: McMichael Canadian Art Collection
mcmichael:2505-winter-in-the-city,mcmichael,Winter in the City,1925,c. 1925,McMichael Canadian Art Collection,1981.229.1,lithograph on paper,sheet: 38.7 x 28.4 cm; image: 13.8 x 17.5 cm,,,,Check institution terms; Harris died 1970 — PD in Canada for works,https://collections.mcmichael.com/objects/2505/winter-in-the-city,https://collections.mcmichael.com/internal/media/dispatcher/90255/full,data/swarm/canada_museums/images/mcmichael/2505-winter-in-the-city.jpg,7ba4604c46b6e9e33cee5448fc2030a44bba92a0a75502e5b4b827943a1375ab,446,600,,high,credit: McMichael Canadian Art Collection
mcmichael:2516-house-st-patrick-street,mcmichael,"House, St. Patrick Street",1925,c. 1925,McMichael Canadian Art Collection,1981.229.2,lithograph on paper,sheet: 38.7 x 28.4 cm; image: 13.8 x 17.7 cm,,,,Check institution terms; Harris died 1970 — PD in Canada for works,https://collections.mcmichael.com/objects/2516/house-st-patrick-street,https://collections.mcmichael.com/internal/media/dispatcher/89628/full,data/swarm/canada_museums/images/mcmichael/2516-house-st-patrick-street.jpg,0c70d5b8bf60ab678025032468e406446921b8d233c594d79c964399036dddc9,448,600,,high,credit: McMichael Canadian Art Collection
mcmichael:2520-maligne-lake-jasper-park,mcmichael,"Maligne Lake, Jasper Park",1925,c. 1925,McMichael Canadian Art Collection,1981.229.3,lithograph on paper,sheet: 38.7 x 28.4 cm; image: 13.4 x 17.5 cm,,,,Check institution terms; Harris died 1970 — PD in Canada for works,https://collections.mcmichael.com/objects/2520/maligne-lake-jasper-park,https://collections.mcmichael.com/internal/media/dispatcher/89030/full,data/swarm/canada_museums/images/mcmichael/2520-maligne-lake-jasper-park.jpg,720ccdb0f76134c32cc149c0d0dfa86a6bfb5bf26b5f50845e82e2724841a6df,450,600,,high,credit: McMichael Canadian Art Collection
mcmichael:2521-mt-sampson-jasper-park,mcmichael,"Mt. Sampson, Jasper Park",1925,c. 1925,McMichael Canadian Art Collection,1981.229.4,lithograph on paper,sheet: 38.7 x 28.4 cm; image: 13.9 x 18 cm,,,,Check institution terms; Harris died 1970 — PD in Canada for works,https://collections.mcmichael.com/objects/2521/mt-sampson-jasper-park,https://collections.mcmichael.com/internal/media/dispatcher/89629/full,data/swarm/canada_museums/images/mcmichael/2521-mt-sampson-jasper-park.jpg,94b1747a59ad7ae077a5562b16023e34ba785fddea7581bbaac2f7dbd5f1201a,448,600,,high,credit: McMichael Canadian Art Collection
mcmichael:2578-pic-island-lake-superior-sketch-xiv,mcmichael,"Pic Island, Lake Superior Sketch XIV",1921,c. 1921,McMichael Canadian Art Collection,1981.34,oil on paperboard,30.3 × 38 cm (11 15/16 × 14 15/16 in.),,,,Check institution terms; Harris died 1970 — PD in Canada for works,https://collections.mcmichael.com/objects/2578/pic-island-lake-superior-sketch-xiv,https://collections.mcmichael.com/internal/media/dispatcher/90808/full,data/swarm/canada_museums/images/mcmichael/2578-pic-island-lake-superior-sketch-xiv.jpg,9e6465b9f014f0a71266bb95d0792b96e80e64971d5ffbe8482e2b43f3793601,600,481,,high,credit: Purchase 1969
mcmichael:2649-mt-lefroy,mcmichael,Mt. Lefroy,1929,c. 1929,McMichael Canadian Art Collection,1981.85.2,oil on Beaverboard,30.5 x 38.1 cm,,,,Check institution terms; Harris died 1970 — PD in Canada for works,https://collections.mcmichael.com/objects/2649/mt-lefroy,https://collections.mcmichael.com/internal/media/dispatcher/89329/full,data/swarm/canada_museums/images/mcmichael/2649-mt-lefroy.jpg,bcd4fcceca791a22a3c24c20e9b4d4b2ccf6b1750dc3913e20415d443f935ef8,600,482,,high,credit: Purchase 1973
mcmichael:2650-wareham-island-cumberland-gulf-baffin-island,mcmichael,"Wareham Island, Cumberland Gulf, Baffin Island",1930,c. 1930,McMichael Canadian Art Collection,1981.85.3,oil on wood panel,30.3 × 38 cm (11 15/16 × 14 15/16 in.),,,,Check institution terms; Harris died 1970 — PD in Canada for works,https://collections.mcmichael.com/objects/2650/wareham-island-cumberland-gulf-baffin-island,https://collections.mcmichael.com/internal/media/dispatcher/90584/full,data/swarm/canada_museums/images/mcmichael/2650-wareham-island-cumberland-gulf-baffin-island.jpg,3ae61512b88bd319714bbf357d0b35139b5477b955db97ef3bd405935d2e697f,600,400,,high,"credit: McMichael Canadian Art Collection, Purchase 1973"
mcmichael:2840-study-for-painting-no-2-c-1941,mcmichael,"Study for Painting No. 2, c.1941",1941,c. 1941,McMichael Canadian Art Collection,1984.25.1,oil on hardboard,66 × 50.7 cm (26 × 19 15/16 in.),,,,Check institution terms; Harris died 1970 — PD in Canada for works,https://collections.mcmichael.com/objects/2840/study-for-painting-no-2-c1941,https://collections.mcmichael.com/internal/media/dispatcher/88756/full,data/swarm/canada_museums/images/mcmichael/2840-study-for-painting-no-2-c-1941.jpg,2c1ad8512c92e4a6b45616dbd209aba40e3b520688f9dd6d350a8d57f7dc2e52,461,600,,high,credit: Purchase 1984
mcmichael:2841-painting-no-2-1939-41,mcmichael,"Painting No.2, 1939-41",1939,1939 - 1941,McMichael Canadian Art Collection,1984.25.2,oil on canvas,130.5 x 91.9 cm,,,,Check institution terms; Harris died 1970 — PD in Canada for works,https://collections.mcmichael.com/objects/2841/painting-no2-193941,https://collections.mcmichael.com/internal/media/dispatcher/88957/full,data/swarm/canada_museums/images/mcmichael/2841-painting-no-2-1939-41.jpg,84d6734550341af98127dcfbd2f19155cf1cdc23eedfaefed70407b941cf7553,422,600,,high,credit: Purchase 1984
mcmichael:3221-mount-lefroy,mcmichael,Mount Lefroy,1925,c. 1925,McMichael Canadian Art Collection,1986.1,oil on board,30.2 x 37.5 cm,,,,Check institution terms; Harris died 1970 — PD in Canada for works,https://collections.mcmichael.com/objects/3221/mount-lefroy,https://collections.mcmichael.com/internal/media/dispatcher/88288/full,data/swarm/canada_museums/images/mcmichael/3221-mount-lefroy.jpg,b80400a52c4f73e05c8266975398c0afc779969399d3d46f6ada5b4d233ca8af,600,494,,high,credit: Purchase 1986
mcmichael:3239-a-load-of-fence-posts,mcmichael,A Load of Fence Posts,1911,1911,McMichael Canadian Art Collection,1986.9,oil on canvas marouflaged onto hardboard,"80 × 121 cm
framed: 94.3 × 134 cm (37 1/8 × 52 3/4 in.)",,,,Check institution terms; Harris died 1970 — PD in Canada for works,https://collections.mcmichael.com/objects/3239/a-load-of-fence-posts,https://collections.mcmichael.com/internal/media/dispatcher/89138/full,data/swarm/canada_museums/images/mcmichael/3239-a-load-of-fence-posts.jpg,85fa195c9861b195d41c06515b72e41bfc819e91de4297af162d202e8fd74e79,600,401,,high,"credit: Purchased with the assistance of past and present members of the Board of Trustees in honour of Michael Bell, Director of The McMichael Canadian Art Collection, 1981-1986."
mcmichael:3302-untitled-abstract-drawing,mcmichael,Untitled Abstract Drawing,,,McMichael Canadian Art Collection,1986.12.1,graphite on paper,25.5 x 17.8 cm,,,,Check institution terms; Harris died 1970 — PD in Canada for works,https://collections.mcmichael.com/objects/3302/untitled-abstract-drawing,https://collections.mcmichael.com/internal/media/dispatcher/88507/full,data/swarm/canada_museums/images/mcmichael/3302-untitled-abstract-drawing.jpg,78811a444300f9d46912b20f275db872c87d16c54e2ce24c6411b02ef735cbb4,462,600,,high,credit: Gift of Mrs. James H. Knox
mcmichael:3303-untitled-tree-stump-for-north-shore-lake-superior,mcmichael,"Untitled (Tree Stump for North Shore, Lake Superior)",,,McMichael Canadian Art Collection,1986.12.2,graphite on paper,25.2 x 20.3 cm,,,,Check institution terms; Harris died 1970 — PD in Canada for works,https://collections.mcmichael.com/objects/3303/untitled-tree-stump-for-north-shore-lake-superior,https://collections.mcmichael.com/internal/media/dispatcher/89752/full,data/swarm/canada_museums/images/mcmichael/3303-untitled-tree-stump-for-north-shore-lake-superior.jpg,cd6402db950877f9de907e4e1e810a7981b9fc51cfd2a00d21e2347f894bf13d,488,600,,high,credit: Gift of Mrs. James H. Knox
mcmichael:3304-untitled-study-for-lake-and-mountains,mcmichael,Untitled (Study for Lake and Mountains),1927,c. 1927,McMichael Canadian Art Collection,1986.12.3,graphite on paper,20.5 x 25.4 cm,,,,Check institution terms; Harris died 1970 — PD in Canada for works,https://collections.mcmichael.com/objects/3304/untitled-study-for-lake-and-mountains,https://collections.mcmichael.com/internal/media/dispatcher/88876/full,data/swarm/canada_museums/images/mcmichael/3304-untitled-study-for-lake-and-mountains.jpg,f2a8fb833b1a208aa299b4eda0a46baa33e0592da84e30715600ed53f78dc560,600,490,,high,credit: Gift of Mrs. James H. Knox
mcmichael:3305-untitled-mountain-sketch,mcmichael,Untitled (Mountain Sketch),,,McMichael Canadian Art Collection,1986.12.4,graphite on paper,20.5 x 25.4 cm,,,,Check institution terms; Harris died 1970 — PD in Canada for works,https://collections.mcmichael.com/objects/3305/untitled-mountain-sketch,https://collections.mcmichael.com/internal/media/dispatcher/89718/full,data/swarm/canada_museums/images/mcmichael/3305-untitled-mountain-sketch.jpg,d66b08ac648dc6fe3f2a291501569ef8689f4c56e3c81a9099c8477c7d209f57,600,491,,high,credit: Gift of Mrs. James H. Knox
mcmichael:3306-untitled-lake-superior,mcmichael,Untitled (Lake Superior),1922,between 1922 and 1924,McMichael Canadian Art Collection,1986.12.5,graphite on paper,19.2 x 25.2 cm,,,,Check institution terms; Harris died 1970 — PD in Canada for works,https://collections.mcmichael.com/objects/3306/untitled-lake-superior,https://collections.mcmichael.com/internal/media/dispatcher/90296/full,data/swarm/canada_museums/images/mcmichael/3306-untitled-lake-superior.jpg,be09653c1fb41888d7f81cdff9b24a182d5ad980fd4749818bc3fa294420a13d,600,459,,high,credit: Gift of Mrs. James H. Knox
mcmichael:3307-untitled,mcmichael,Untitled,,,McMichael Canadian Art Collection,1986.12.6,graphite on paper,27.6 x 21.5 cm,,,,Check institution terms; Harris died 1970 — PD in Canada for works,https://collections.mcmichael.com/objects/3307/untitled,https://collections.mcmichael.com/internal/media/dispatcher/89343/full,data/swarm/canada_museums/images/mcmichael/3307-untitled.jpg,6123d18e93fd3c15b1340739bede2d8d3d2413f3384406bbb680d92acdd3668e,474,600,,high,credit: Gift of Mrs. James H. Knox
mcmichael:3308-untitled,mcmichael,Untitled,,,McMichael Canadian Art Collection,1986.12.7,graphite on paper,20.5 x 25.4 cm,,,,Check institution terms; Harris died 1970 — PD in Canada for works,https://collections.mcmichael.com/objects/3308/untitled,https://collections.mcmichael.com/internal/media/dispatcher/89524/full,data/swarm/canada_museums/images/mcmichael/3308-untitled.jpg,bbfdc9b9c16064b375471b7dee166bb7878e8d22e2168cfec9af9a3deb47c41c,600,488,,high,credit: Gift of Mrs. James H. Knox
mcmichael:3309-untitled,mcmichael,Untitled,,,McMichael Canadian Art Collection,1986.12.8,graphite on paper,20.3 x 25.2 cm,,,,Check institution terms; Harris died 1970 — PD in Canada for works,https://collections.mcmichael.com/objects/3309/untitled,https://collections.mcmichael.com/internal/media/dispatcher/90162/full,data/swarm/canada_museums/images/mcmichael/3309-untitled.jpg,efcf35ec0a1284d6c4a80b1752a8372df92277d4c57fcc3d28466cd246c39be3,600,488,,high,credit: Gift of Mrs. James H. Knox
mcmichael:3310-untitled,mcmichael,Untitled,,,McMichael Canadian Art Collection,1986.12.9,graphite on paper,27.8 x 21.4 cm,,,,Check institution terms; Harris died 1970 — PD in Canada for works,https://collections.mcmichael.com/objects/3310/untitled,https://collections.mcmichael.com/internal/media/dispatcher/90090/full,data/swarm/canada_museums/images/mcmichael/3310-untitled.jpg,2ec7a45684726781e08f47fd06dc2231be8ae8dea83e54c084f0f88fd37b909b,463,600,,high,credit: Gift of Mrs. James H. Knox
mcmichael:3311-untitled,mcmichael,Untitled,,,McMichael Canadian Art Collection,1986.12.10,graphite with ink on paper,27.7 x 21.5 cm,,,,Check institution terms; Harris died 1970 — PD in Canada for works,https://collections.mcmichael.com/objects/3311/untitled,https://collections.mcmichael.com/internal/media/dispatcher/89408/full,data/swarm/canada_museums/images/mcmichael/3311-untitled.jpg,6e2d49a0603c729a0020d7227b16c2418e3bd6182873d3982b95ad9e9579887d,468,600,,high,credit: Gift of Mrs. James H. Knox
mcmichael:3593-portrait-of-thoreau-macdonald,mcmichael,Portrait of Thoreau MacDonald,1927,c. 1927,McMichael Canadian Art Collection,1987.33,oil on canvas,57.1 × 56.7 cm (22 1/2 × 22 5/16 in.),,,,Check institution terms; Harris died 1970 — PD in Canada for works,https://collections.mcmichael.com/objects/3593/portrait-of-thoreau-macdonald,https://collections.mcmichael.com/internal/media/dispatcher/88996/full,data/swarm/canada_museums/images/mcmichael/3593-portrait-of-thoreau-macdonald.jpg,0ba5d4380749e106e8745137849fc57a9be4a8c36208dc5cea8a114c5cd183fa,773,800,,low,title may be photo/portrait of Harris rather than a work by him; credit: Purchased with the assistance of the Department of Communications.
mcmichael:4453-abstraction,mcmichael,Abstraction,1967,c. 1967,McMichael Canadian Art Collection,1993.17,oil on canvas,160 x 110 cm,,,,Check institution terms; Harris died 1970 — PD in Canada for works,https://collections.mcmichael.com/objects/4453/abstraction,https://collections.mcmichael.com/internal/media/dispatcher/89773/full,data/swarm/canada_museums/images/mcmichael/4453-abstraction.jpg,c3807f081d91f7226371613eabdffbfbfe08caa5c97cb16d6f9b2418d5cff8a3,422,600,,high,credit: Gift of M.H. Knox
mcmichael:4518-winter-comes-from-the-arctic-to-the-temperate-zone,mcmichael,Winter Comes from the Arctic to the Temperate Zone,1935,c. 1935,McMichael Canadian Art Collection,1994.13,oil on canvas,74.1 × 91.2 cm (29 3/16 × 35 7/8 in.),,,,Check institution terms; Harris died 1970 — PD in Canada for works,https://collections.mcmichael.com/objects/4518/winter-comes-from-the-arctic-to-the-temperate-zone,https://collections.mcmichael.com/internal/media/dispatcher/88890/full,data/swarm/canada_museums/images/mcmichael/4518-winter-comes-from-the-arctic-to-the-temperate-zone.jpg,fb5f939447a45235a19fd87ec84d010363c4a48cdb022779e4643013c1afc673,600,492,,high,"credit: McMichael Canadian Art Collection, Purchase 1994"
mcmichael:6513-houses-gerrard-street-toronto,mcmichael,"Houses, Gerrard Street, Toronto",1912,1912,McMichael Canadian Art Collection,1998.13,oil on canvas,89.3 x 76.9 cm,,,,Check institution terms; Harris died 1970 — PD in Canada for works,https://collections.mcmichael.com/objects/6513/houses-gerrard-street-toronto,https://collections.mcmichael.com/internal/media/dispatcher/90014/full,data/swarm/canada_museums/images/mcmichael/6513-houses-gerrard-street-toronto.jpg,a542ca6b75893ca9a6d073ad5ced0c8ad00dea2fb0e17d41292f88f4f9c62c56,518,600,,high,credit: Gift of Donbarn Investments Limited
mcmichael:7146-mountains-maligne-lake,mcmichael,Mountains Maligne Lake,1940,between 1940 and 1960,McMichael Canadian Art Collection,2001.3,oil on hardboard,38 x 45.7 cm,,,,Check institution terms; Harris died 1970 — PD in Canada for works,https://collections.mcmichael.com/objects/7146/mountains-maligne-lake,https://collections.mcmichael.com/internal/media/dispatcher/88872/full,data/swarm/canada_museums/images/mcmichael/7146-mountains-maligne-lake.jpg,036a76297b2b50bb5a53a509facc81f7be96877123a791d9dc4dc070586f2839,500,415,,high,credit: Anonymous donation
mcmichael:7554-mount-lefroy,mcmichael,Mount Lefroy,1929,c. 1929,McMichael Canadian Art Collection,2024.24,graphite on paper,19.3 x 25.2 cm,,,,Check institution terms; Harris died 1970 — PD in Canada for works,https://collections.mcmichael.com/objects/7554/mount-lefroy,https://collections.mcmichael.com/internal/media/dispatcher/220983/full,data/swarm/canada_museums/images/mcmichael/7554-mount-lefroy.jpg,21111b81d9d0ae95d4b8b8320decdf2d9be3ba8128834454a4d6f86f77bbda35,600,461,,high,credit: Purchased by the McMichael Canadian Art Foundation with funds from the Robert McMichael Memorial Art Fund
mcmichael:7713-algonquin-park,mcmichael,Algonquin Park,1918,between 1918 and 1922,McMichael Canadian Art Collection,2002.2.1,graphite on paper,18.2 x 21.2 cm,,,,Check institution terms; Harris died 1970 — PD in Canada for works,https://collections.mcmichael.com/objects/7713/algonquin-park,https://collections.mcmichael.com/internal/media/dispatcher/90291/full,data/swarm/canada_museums/images/mcmichael/7713-algonquin-park.jpg,d563235d766b91b43a46ca2460ed1209b23f1ac8690a0ec4d116be38ea5c5edc,600,511,,high,credit: Gift of Jennifer F. Hardacre
mcmichael:7714-algonquin-park,mcmichael,Algonquin Park,1916,c. 1916,McMichael Canadian Art Collection,2002.2.2,graphite on paper,20.5 x 21.6 cm,,,,Check institution terms; Harris died 1970 — PD in Canada for works,https://collections.mcmichael.com/objects/7714/algonquin-park,https://collections.mcmichael.com/internal/media/dispatcher/89705/full,data/swarm/canada_museums/images/mcmichael/7714-algonquin-park.jpg,6aca63bfe2dc33a59093c1cf9085f20a268dbfbbe4af05100dbe7b266355f060,600,565,,high,credit: Gift of Jennifer F. Hardacre
mcmichael:102122-algoma,mcmichael,Algoma,1918,c. 1918,McMichael Canadian Art Collection,2010.4,oil on wood panel,26.7 x 35.8 cm,,,,Check institution terms; Harris died 1970 — PD in Canada for works,https://collections.mcmichael.com/objects/102122/algoma,https://collections.mcmichael.com/internal/media/dispatcher/92734/full,data/swarm/canada_museums/images/mcmichael/102122-algoma.jpg,fdf036de6a7a2ec9b3f76bcf0bfbe8498c49ddb8660dae2dec6d46cb49c9661f,500,373,,high,credit: Gift of the Estate of Dorothy Jean Richardson
mcmichael:108818-sketch-for-north-shore-baffin-island-ii,mcmichael,"Sketch for North Shore, Baffin Island II",1930,c. 1930,McMichael Canadian Art Collection,2023.28.6,graphite on sketchpad paper,19.1 × 25.2 cm (7 1/2 × 9 15/16 in.),,,,Check institution terms; Harris died 1970 — PD in Canada for works,https://collections.mcmichael.com/objects/108818/sketch-for-north-shore-baffin-island-ii,https://collections.mcmichael.com/internal/media/dispatcher/147184/full,data/swarm/canada_museums/images/mcmichael/108818-sketch-for-north-shore-baffin-island-ii.jpg,9648fadbb7afcdbed456aaf59c74d44717015920a63a2a3f34e7e3de704a74c2,600,456,,high,credit: Gift of Toni Ann Chowne
mcmichael:108819-lynx-mountain-mount-robson-district,mcmichael,"Lynx Mountain, Mount Robson District",1924,c. 1924,McMichael Canadian Art Collection,2023.12.3,pen and ink on paper,sheet: 33.3 × 39.9 cm (13 1/8 × 15 11/16 in.); image: 19.8 × 26.7 cm (7 13/16 × 10 1/2 in.),,,,Check institution terms; Harris died 1970 — PD in Canada for works,https://collections.mcmichael.com/objects/108819/lynx-mountain-mount-robson-district,https://collections.mcmichael.com/internal/media/dispatcher/147185/full,data/swarm/canada_museums/images/mcmichael/108819-lynx-mountain-mount-robson-district.jpg,38a45e13eab123289a28adeaf09acfd88c3f0fd4c8f2bc202cbd7766d00bf7e1,600,442,,high,credit: Gift of Stewart Sheppard
mcmichael:108821-street-in-berlin,mcmichael,Street in Berlin,1907,1907,McMichael Canadian Art Collection,2023.12.4,"graphite on paper, laid down on board",33 × 15.4 cm (13 × 6 1/16 in.),,,,Check institution terms; Harris died 1970 — PD in Canada for works,https://collections.mcmichael.com/objects/108821/street-in-berlin,https://collections.mcmichael.com/internal/media/dispatcher/147187/full,data/swarm/canada_museums/images/mcmichael/108821-street-in-berlin.jpg,a7da6f7b08eb8a7224cc09e6dbf3eca763abba23bab27fb47fc9d6f9ccc19d83,288,600,,high,credit: Gift of Stewart Sheppard
mcmichael:108822-portrait-of-an-elderly-woman,mcmichael,Portrait of an Elderly Woman,1904,between 1904 and 1907,McMichael Canadian Art Collection,2023.12.5,graphite and conté on paper,34.3 × 27 cm (13 1/2 × 10 5/8 in.),,,,Check institution terms; Harris died 1970 — PD in Canada for works,https://collections.mcmichael.com/objects/108822/portrait-of-an-elderly-woman,https://collections.mcmichael.com/internal/media/dispatcher/147188/full,data/swarm/canada_museums/images/mcmichael/108822-portrait-of-an-elderly-woman.jpg,8740c5170865b5304a48c6b98ea32420a1fe7d116dbe1059aeb7933deae202df,482,600,,low,title may be photo/portrait of Harris rather than a work by him; credit: Gift of Stewart Sheppard
mcmichael:108989-mattawa,mcmichael,Mattawa,1910,1910,McMichael Canadian Art Collection,2023.27.1,oil on paperboard,12 × 20.3 cm (4 3/4 × 8 in.),,,,Check institution terms; Harris died 1970 — PD in Canada for works,https://collections.mcmichael.com/objects/108989/mattawa,https://collections.mcmichael.com/internal/media/dispatcher/147578/full,data/swarm/canada_museums/images/mcmichael/108989-mattawa.jpg,6e8f5084c8a3cb366ecfb347dde4672eba2b9e64282494226a675193babee96d,600,359,,high,credit: Gift of Stewart and Clemencia Sheppard
mcmichael:108995-four-scenes-algoma,mcmichael,"Four Scenes, Algoma",1920,c. 1920,McMichael Canadian Art Collection,2023.27.2,oil on wood panel,26.5 × 35.4 cm (10 7/16 × 13 15/16 in.),,,,Check institution terms; Harris died 1970 — PD in Canada for works,https://collections.mcmichael.com/objects/108995/four-scenes-algoma,https://collections.mcmichael.com/internal/media/dispatcher/147580/full,data/swarm/canada_museums/images/mcmichael/108995-four-scenes-algoma.jpg,5cc45fccac64c71d01738f6211ec9365512202fb689cb433a5cc084ba5fea8a5,600,450,,high,credit: Gift of Stewart and Clemencia Sheppard
mcmichael:108996-untitled-mountain-drawing-of-the-jasper-area,mcmichael,Untitled (mountain drawing of the Jasper area),1924,1924,McMichael Canadian Art Collection,2023.27.3,graphite on sketchbook paper,13.4 × 20.7 cm (5 1/4 × 8 1/8 in.),,,,Check institution terms; Harris died 1970 — PD in Canada for works,https://collections.mcmichael.com/objects/108996/untitled-mountain-drawing-of-the-jasper-area,https://collections.mcmichael.com/internal/media/dispatcher/147582/full,data/swarm/canada_museums/images/mcmichael/108996-untitled-mountain-drawing-of-the-jasper-area.jpg,cb133f0f0099508cc0a27e8c47883ed635f69a75074b3267b8e3a6dbfd50fd10,600,390,,high,credit: Gift of Stewart and Clemencia Sheppard
mcmichael:108997-campsite,mcmichael,Campsite,1924,c. 1924,McMichael Canadian Art Collection,2023.27.4,graphite on sketchbook paper,13.4 × 20.7 cm (5 1/4 × 8 1/8 in.),,,,Check institution terms; Harris died 1970 — PD in Canada for works,https://collections.mcmichael.com/objects/108997/campsite,https://collections.mcmichael.com/internal/media/dispatcher/147583/full,data/swarm/canada_museums/images/mcmichael/108997-campsite.jpg,e52e8f45afbc7cbacb97e493ab0161159cd8316bc8fe0efa62a07ea76bbd055a,600,392,,high,credit: Gift of Stewart and Clemencia Sheppard
mcmichael:108998-untitled-new-hampshire,mcmichael,Untitled (New Hampshire?),1935,c. 1935 ?,McMichael Canadian Art Collection,2023.27.5,graphite on paper,21.3 × 27.8 cm (8 3/8 × 10 15/16 in.),,,,Check institution terms; Harris died 1970 — PD in Canada for works,https://collections.mcmichael.com/objects/108998/untitled-new-hampshire,https://collections.mcmichael.com/internal/media/dispatcher/147584/full,data/swarm/canada_museums/images/mcmichael/108998-untitled-new-hampshire.jpg,ef8d18789988df43f4a009f80387d3d124015abc5dd7b8233631975b23dcb730,600,460,,high,credit: Gift of Stewart and Clemencia Sheppard
mcmichael:108999-untitled-mt-robson-area,mcmichael,Untitled (Mt. Robson area),1943,c. 1943,McMichael Canadian Art Collection,2023.27.6,graphite and oil on sketchpad paper,22.5 × 30.2 cm (8 7/8 × 11 7/8 in.),,,,Check institution terms; Harris died 1970 — PD in Canada for works,https://collections.mcmichael.com/objects/108999/untitled-mt-robson-area,https://collections.mcmichael.com/internal/media/dispatcher/147585/full,data/swarm/canada_museums/images/mcmichael/108999-untitled-mt-robson-area.jpg,322e3085547c77c3ffd96c7769b330bbd572f4886e28a3113308568f919f41a5,600,445,,high,credit: Gift of Stewart and Clemencia Sheppard
mcmichael:109000-untitled-house-in-toronto,mcmichael,Untitled (house in Toronto),1920,c. 1920,McMichael Canadian Art Collection,2023.28.3,pen and ink on paper,sheet: 37.5 × 39.5 cm (14 3/4 × 15 9/16 in.); image: 21.6 × 27.2 cm (8 1/2 × 10 11/16 in.),,,,Check institution terms; Harris died 1970 — PD in Canada for works,https://collections.mcmichael.com/objects/109000/untitled-house-in-toronto,https://collections.mcmichael.com/internal/media/dispatcher/147893/full,data/swarm/canada_museums/images/mcmichael/109000-untitled-house-in-toronto.jpg,f8f92cce3f2e4b1ba700c80701294c70e7b0d48fe68a6a7edcb6aaba96dd1544,600,500,,high,credit: Gift of Toni Ann Chowne
mcmichael:109001-miners-glace-bay-halifax,mcmichael,"Miners, Glace Bay, Halifax",1921,c. 1921 - 1922,McMichael Canadian Art Collection,2023.28.4,graphite and ink (or watercolour?) on sketchpad paper,20.4 × 25.3 cm (8 1/16 × 9 15/16 in.),,,,Check institution terms; Harris died 1970 — PD in Canada for works,https://collections.mcmichael.com/objects/109001/miners-glace-bay-halifax,https://collections.mcmichael.com/internal/media/dispatcher/147895/full,data/swarm/canada_museums/images/mcmichael/109001-miners-glace-bay-halifax.jpg,ee475ad243aaf881ebc6808c0d8a2c093826122f11e274f9f24aafcb594feda7,600,480,,high,credit: Gift of Toni Ann Chowne
mcmichael:109002-rocky-mountain-16,mcmichael,Rocky Mountain #16,,,McMichael Canadian Art Collection,2023.28.5,graphite on sketchpad paper,22.5 × 30.2 cm (8 7/8 × 11 7/8 in.),,,,Check institution terms; Harris died 1970 — PD in Canada for works,https://collections.mcmichael.com/objects/109002/rocky-mountain-16,https://collections.mcmichael.com/internal/media/dispatcher/147897/full,data/swarm/canada_museums/images/mcmichael/109002-rocky-mountain-16.jpg,c1ed078edead59f54b6c7789462631cd91abe4460d31f58f6b3014b08ae4aaf0,600,443,,high,credit: Gift of Toni Ann Chowne
ngc:greenland-mountains,national_gallery_canada,Greenland Mountains,1930,c. 1930,National Gallery of Canada,4279,oil on canvas,107.4 x 128.4 cm,,,"Lawren S. Harris, Greenland Mountains, c. 1930, oil on canvas, 107.4 x 128.4 cm, National Gallery of Canada",NGC image reproduction terms; Harris d.1970 PD in Canada for the work,https://www.gallery.ca/collection/artwork/greenland-mountains,https://www.gallery.ca/sites/default/files/11950920.jpg,data/swarm/canada_museums/images/national_gallery_canada/greenland-mountains.jpg,2901dca1f5b1866b7e09cd0b957bda9070272b547be981569d7a77efea574c61,1200,1000,,high,Online image available; browser harvest (Cloudflare blocks curl)
ngc:return-from-church,national_gallery_canada,Return from Church,1919,1919,National Gallery of Canada,5006,oil on canvas,101.8 x 122.3 cm,,,"Lawren S. Harris, Return from Church, 1919, oil on canvas, 101.8 x 122.3 cm, National Gallery of Canada",NGC image reproduction terms; Harris d.1970 PD in Canada for the work,https://www.gallery.ca/collection/artwork/return-from-church,https://www.gallery.ca/sites/default/files/23446268.jpg,data/swarm/canada_museums/images/national_gallery_canada/return-from-church.jpg,4b24fff4befbe0ec7a32fab0593b91eb88437f6185498ee3ea6ea3b11ce3a916,925,768,,high,Online image available; browser harvest (Cloudflare blocks curl)
ngc:on-account-of-defries-7,national_gallery_canada,"J.E.H. MacDonald, On Account of Defries",1924,1924-1926,National Gallery of Canada,17921.13v,"pen, black and blue ink with watercolour and gold paint on wove paper",31 x 17.5 cm,,,"Lawren S. Harris, J.E.H. MacDonald, On Account of Defries, 1924-1926, pen, black and blue ink with watercolour and gold paint on wove paper, 31 x 17.5 cm, National Gallery of Canada",NGC image reproduction terms; Harris d.1970 PD in Canada for the work,https://www.gallery.ca/collection/artwork/on-account-of-defries-7,,,,,,,high,NGC page has no published image file in HTML; metadata from meta description; browser harvest (Cloudflare blocks curl)
ngc:toronto-houses,national_gallery_canada,Toronto Houses,1919,c. 1919,National Gallery of Canada,4579,oil on beaverboard,27 x 32.5 cm,,,"Lawren S. Harris, Toronto Houses, c. 1919, oil on beaverboard, 27 x 32.5 cm, National Gallery of Canada",NGC image reproduction terms; Harris d.1970 PD in Canada for the work,https://www.gallery.ca/collection/artwork/toronto-houses,,,,,,,high,NGC page has no published image file in HTML; metadata from meta description; browser harvest (Cloudflare blocks curl)
ngc:dynamic-symmetry,national_gallery_canada,Dynamic Symmetry,1936,c. 1936,National Gallery of Canada,38125,graphite on wove paper,29 x 36.8 cm,,,"Lawren S. Harris, Dynamic Symmetry, c. 1936, graphite on wove paper, 29 x 36.8 cm, National Gallery of Canada",NGC image reproduction terms; Harris d.1970 PD in Canada for the work,https://www.gallery.ca/collection/artwork/dynamic-symmetry,,,,,,,high,NGC page has no published image file in HTML; metadata from meta description; browser harvest (Cloudflare blocks curl)
ngc:north-shore-baffin-island-ii,national_gallery_canada,"North Shore, Baffin Island II",1931,c. 1931,National Gallery of Canada,5014,oil on canvas,104.3 x 127.2 cm,,,"Lawren S. Harris, North Shore, Baffin Island II, c. 1931, oil on canvas, 104.3 x 127.2 cm, National Gallery of Canada",NGC image reproduction terms; Harris d.1970 PD in Canada for the work,https://www.gallery.ca/collection/artwork/north-shore-baffin-island-ii,,,,,,,high,NGC page has no published image file in HTML; metadata from meta description; browser harvest (Cloudflare blocks curl)
ngc:pines-and-sumac-evening,national_gallery_canada,"Pines and Sumac, Evening",1915,1915 ?,National Gallery of Canada,29451,oil on cardboard,27 x 33.1 cm,,,"Lawren S. Harris, Pines and Sumac, Evening, 1915 ?, oil on cardboard, 27 x 33.1 cm, National Gallery of Canada",NGC image reproduction terms; Harris d.1970 PD in Canada for the work,https://www.gallery.ca/collection/artwork/pines-and-sumac-evening,,,,,,,high,NGC page has no published image file in HTML; metadata from meta description; browser harvest (Cloudflare blocks curl)
ngc:arizona-sketchbook-0,national_gallery_canada,"Arizona Sketchbook, spiral bound, covers: 43 x 35.7 cm",1961,1961,National Gallery of Canada,39085.1-10,sketchbook containing 10 drawings in graphite and charcoal on 12 leaves of wove paper,,,,"Lawren S. Harris, Arizona Sketchbook, 1961, sketchbook containing 10 drawings in graphite and charcoal on 12 leaves of wove paper, spiral bound, covers: 43 x 35.7 cm, National Gallery of Canada",NGC image reproduction terms; Harris d.1970 PD in Canada for the work,https://www.gallery.ca/collection/artwork/arizona-sketchbook-0,,,,,,,high,NGC page has no published image file in HTML; metadata from meta description; browser harvest (Cloudflare blocks curl)
ngc:north-labrador,national_gallery_canada,North Labrador,1930,1930,National Gallery of Canada,42124,graphite on wove paper,19.2 x 25.2 cm,,,"Lawren S. Harris, North Labrador, 1930, graphite on wove paper, 19.2 x 25.2 cm, National Gallery of Canada",NGC image reproduction terms; Harris d.1970 PD in Canada for the work,https://www.gallery.ca/collection/artwork/north-labrador,,,,,,,high,NGC page has no published image file in HTML; metadata from meta description; browser harvest (Cloudflare blocks curl)
ngc:red-house-winter,national_gallery_canada,"Red House, Winter",1925,c. 1925,National Gallery of Canada,5013,oil on canvas,90.3 x 115 cm,,,"Lawren S. Harris, Red House, Winter, c. 1925, oil on canvas, 90.3 x 115 cm, National Gallery of Canada",NGC image reproduction terms; Harris d.1970 PD in Canada for the work,https://www.gallery.ca/collection/artwork/red-house-winter,,,,,,,high,NGC page has no published image file in HTML; metadata from meta description; browser harvest (Cloudflare blocks curl)
ngc:abstract-painting-no-20,national_gallery_canada,Abstract Painting No. 20,1943,c. 1943,National Gallery of Canada,5016,oil on canvas,152.4 x 152.4 cm,,,"Lawren S. Harris, Abstract Painting No. 20, c. 1943, oil on canvas, 152.4 x 152.4 cm, National Gallery of Canada",NGC image reproduction terms; Harris d.1970 PD in Canada for the work,https://www.gallery.ca/collection/artwork/abstract-painting-no-20,,,,,,,high,NGC page has no published image file in HTML; metadata from meta description; browser harvest (Cloudflare blocks curl)
ngc:northern-lake-ii,national_gallery_canada,"Northern Lake, II",1926,c. 1926,National Gallery of Canada,49107,oil on canvas,82 x 102 cm,,,"Lawren S. Harris, Northern Lake, II, c. 1926, oil on canvas, 82 x 102 cm, National Gallery of Canada",NGC image reproduction terms; Harris d.1970 PD in Canada for the work,https://www.gallery.ca/collection/artwork/northern-lake-ii,,,,,,,high,NGC page has no published image file in HTML; metadata from meta description; browser harvest (Cloudflare blocks curl)
ngc:preliminary-sketch-for-north-shore-lake-superior,national_gallery_canada,"Preliminary Sketch for &quot;North Shore, Lake Superior&quot;",1924,c. 1924,National Gallery of Canada,18524,graphite on wove paper,19.2 x 25.4 cm,,,"Lawren S. Harris, Preliminary Sketch for &quot;North Shore, Lake Superior&quot;, c. 1924, graphite on wove paper, 19.2 x 25.4 cm, National Gallery of Canada",NGC image reproduction terms; Harris d.1970 PD in Canada for the work,https://www.gallery.ca/collection/artwork/preliminary-sketch-for-north-shore-lake-superior,,,,,,,high,NGC page has no published image file in HTML; metadata from meta description; browser harvest (Cloudflare blocks curl)
ngc:mrs-oscar-taylor,national_gallery_canada,Mrs. Oscar Taylor,1920,1920,National Gallery of Canada,14668,oil on canvas,96.8 x 112.2 cm,,,"Lawren S. Harris, Mrs. Oscar Taylor, 1920, oil on canvas, 96.8 x 112.2 cm, National Gallery of Canada",NGC image reproduction terms; Harris d.1970 PD in Canada for the work,https://www.gallery.ca/collection/artwork/mrs-oscar-taylor,,,,,,,high,NGC page has no published image file in HTML; metadata from meta description; browser harvest (Cloudflare blocks curl)
ngc:north-shore-lake-superior-0,national_gallery_canada,"North Shore, Lake Superior",1926,1926,National Gallery of Canada,3708,oil on canvas,102.2 x 128.3 cm,,,"Lawren S. Harris, North Shore, Lake Superior, 1926, oil on canvas, 102.2 x 128.3 cm, National Gallery of Canada",NGC image reproduction terms; Harris d.1970 PD in Canada for the work,https://www.gallery.ca/collection/artwork/north-shore-lake-superior-0,,,,,,,high,NGC page has no published image file in HTML; metadata from meta description; browser harvest (Cloudflare blocks curl)
ngc:lake-superior-3,national_gallery_canada,Lake Superior,1928,c. 1928,National Gallery of Canada,15477,oil on canvas,86.1 x 102.2 cm,,,"Lawren S. Harris, Lake Superior, c. 1928, oil on canvas, 86.1 x 102.2 cm, National Gallery of Canada",NGC image reproduction terms; Harris d.1970 PD in Canada for the work,https://www.gallery.ca/collection/artwork/lake-superior-3,,,,,,,high,NGC page has no published image file in HTML; metadata from meta description; browser harvest (Cloudflare blocks curl)
ngc:north-shore-baffin-island,national_gallery_canada,"North Shore, Baffin Island",1930,1930,National Gallery of Canada,4561,oil on beaverboard,30.4 x 37.8 cm,,,"Lawren S. Harris, North Shore, Baffin Island, 1930, oil on beaverboard, 30.4 x 37.8 cm, National Gallery of Canada",NGC image reproduction terms; Harris d.1970 PD in Canada for the work,https://www.gallery.ca/collection/artwork/north-shore-baffin-island,,,,,,,high,NGC page has no published image file in HTML; metadata from meta description; browser harvest (Cloudflare blocks curl)
ngc:lake-harbour-south-shore-baffin-island-morning,national_gallery_canada,"Lake Harbour, South Shore, Baffin Island, Morning",1930,1930,National Gallery of Canada,4594,oil on beaverboard,30.2 x 38.2 cm,,,"Lawren S. Harris, Lake Harbour, South Shore, Baffin Island, Morning, 1930, oil on beaverboard, 30.2 x 38.2 cm, National Gallery of Canada",NGC image reproduction terms; Harris d.1970 PD in Canada for the work,https://www.gallery.ca/collection/artwork/lake-harbour-south-shore-baffin-island-morning,,,,,,,high,NGC page has no published image file in HTML; metadata from meta description; browser harvest (Cloudflare blocks curl)
ngc:high-country-lake-superior,national_gallery_canada,"High Country, Lake Superior",1925,c. 1925,National Gallery of Canada,4599,oil on beaverboard,30.2 x 38 cm,,,"Lawren S. Harris, High Country, Lake Superior, c. 1925, oil on beaverboard, 30.2 x 38 cm, National Gallery of Canada",NGC image reproduction terms; Harris d.1970 PD in Canada for the work,https://www.gallery.ca/collection/artwork/high-country-lake-superior,,,,,,,high,NGC page has no published image file in HTML; metadata from meta description; browser harvest (Cloudflare blocks curl)
ngc:north-shore-baffin-island-i,national_gallery_canada,"North Shore, Baffin Island I",1930,c. 1930,National Gallery of Canada,5008,oil on canvas,81.4 x 107.5 cm,,,"Lawren S. Harris, North Shore, Baffin Island I, c. 1930, oil on canvas, 81.4 x 107.5 cm, National Gallery of Canada",NGC image reproduction terms; Harris d.1970 PD in Canada for the work,https://www.gallery.ca/collection/artwork/north-shore-baffin-island-i,,,,,,,high,NGC page has no published image file in HTML; metadata from meta description; browser harvest (Cloudflare blocks curl)
ngc:abstraction,national_gallery_canada,Abstraction,1939,1939,National Gallery of Canada,17161,oil on canvas,140.6 x 87.6 cm,,,"Lawren S. Harris, Abstraction, 1939, oil on canvas, 140.6 x 87.6 cm, National Gallery of Canada",NGC image reproduction terms; Harris d.1970 PD in Canada for the work,https://www.gallery.ca/collection/artwork/abstraction,,,,,,,high,NGC page has no published image file in HTML; metadata from meta description; browser harvest (Cloudflare blocks curl)
ngc:decorative-landscape,national_gallery_canada,Decorative Landscape,1917,1917,National Gallery of Canada,36813,oil on canvas,122.5 x 131.7 cm,,,"Lawren S. Harris, Decorative Landscape, 1917, oil on canvas, 122.5 x 131.7 cm, National Gallery of Canada",NGC image reproduction terms; Harris d.1970 PD in Canada for the work,https://www.gallery.ca/collection/artwork/decorative-landscape,,,,,,,high,NGC page has no published image file in HTML; metadata from meta description; browser harvest (Cloudflare blocks curl)
ngc:snow-ii,national_gallery_canada,Snow II,1915,1915,National Gallery of Canada,1193,oil on canvas,120.3 x 127.3 cm,,,"Lawren S. Harris, Snow II, 1915, oil on canvas, 120.3 x 127.3 cm, National Gallery of Canada",NGC image reproduction terms; Harris d.1970 PD in Canada for the work,https://www.gallery.ca/collection/artwork/snow-ii,,,,,,,high,NGC page has no published image file in HTML; metadata from meta description; browser harvest (Cloudflare blocks curl)
ngc:north-shore-lake-superior-1,national_gallery_canada,"North Shore, Lake Superior",1926,c. 1926,National Gallery of Canada,4562,oil on beaverboard,30.5 x 38 cm,,,"Lawren S. Harris, North Shore, Lake Superior, c. 1926, oil on beaverboard, 30.5 x 38 cm, National Gallery of Canada",NGC image reproduction terms; Harris d.1970 PD in Canada for the work,https://www.gallery.ca/collection/artwork/north-shore-lake-superior-1,,,,,,,high,NGC page has no published image file in HTML; metadata from meta description; browser harvest (Cloudflare blocks curl)
ngc:near-lake-harbour-baffin-island-south,national_gallery_canada,"Near Lake Harbour, Baffin Island South",1930,1930,National Gallery of Canada,4595,oil on beaverboard,30.4 x 38.2 cm,,,"Lawren S. Harris, Near Lake Harbour, Baffin Island South, 1930, oil on beaverboard, 30.4 x 38.2 cm, National Gallery of Canada",NGC image reproduction terms; Harris d.1970 PD in Canada for the work,https://www.gallery.ca/collection/artwork/near-lake-harbour-baffin-island-south,,,,,,,high,NGC page has no published image file in HTML; metadata from meta description; browser harvest (Cloudflare blocks curl)
ngc:from-opabin-pass-rocky-mountains,national_gallery_canada,"From Opabin Pass, Rocky Mountains",1924,c. 1924,National Gallery of Canada,4596,oil on beaverboard,30.3 x 37.8 cm,,,"Lawren S. Harris, From Opabin Pass, Rocky Mountains, c. 1924, oil on beaverboard, 30.3 x 37.8 cm, National Gallery of Canada",NGC image reproduction terms; Harris d.1970 PD in Canada for the work,https://www.gallery.ca/collection/artwork/from-opabin-pass-rocky-mountains,,,,,,,high,NGC page has no published image file in HTML; metadata from meta description; browser harvest (Cloudflare blocks curl)
ngc:noon-from-slate-island-lake-superior,national_gallery_canada,"Noon from Slate Island, Lake Superior",1925,1925,National Gallery of Canada,4597,oil on beaverboard,30.3 x 38.cm,,,"Lawren S. Harris, Noon from Slate Island, Lake Superior, 1925, oil on beaverboard, 30.3 x 38.cm, National Gallery of Canada",NGC image reproduction terms; Harris d.1970 PD in Canada for the work,https://www.gallery.ca/collection/artwork/noon-from-slate-island-lake-superior,,,,,,,high,NGC page has no published image file in HTML; metadata from meta description; browser harvest (Cloudflare blocks curl)
ngc:coldwell-bay-north-of-lake-superior,national_gallery_canada,"Coldwell Bay, North of Lake Superior",1923,c. 1923,National Gallery of Canada,4598,oil on beaverboard,30.5 x 37.9 cm,,,"Lawren S. Harris, Coldwell Bay, North of Lake Superior, c. 1923, oil on beaverboard, 30.5 x 37.9 cm, National Gallery of Canada",NGC image reproduction terms; Harris d.1970 PD in Canada for the work,https://www.gallery.ca/collection/artwork/coldwell-bay-north-of-lake-superior,,,,,,,high,NGC page has no published image file in HTML; metadata from meta description; browser harvest (Cloudflare blocks curl)
ngc:cactus-4,national_gallery_canada,Cactus,1961,1961,National Gallery of Canada,39085.10,graphite on wove paper,35.7 x 43 cm,,,"Lawren S. Harris, Cactus, 1961, graphite on wove paper, 35.7 x 43 cm, National Gallery of Canada",NGC image reproduction terms; Harris d.1970 PD in Canada for the work,https://www.gallery.ca/collection/artwork/cactus-4,,,,,,,high,NGC page has no published image file in HTML; metadata from meta description; browser harvest (Cloudflare blocks curl)
ngc:cactus-5,national_gallery_canada,Cactus,1961,1961,National Gallery of Canada,39085.2,graphite on wove paper,43 x 35.7 cm,,,"Lawren S. Harris, Cactus, 1961, graphite on wove paper, 43 x 35.7 cm, National Gallery of Canada",NGC image reproduction terms; Harris d.1970 PD in Canada for the work,https://www.gallery.ca/collection/artwork/cactus-5,,,,,,,high,NGC page has no published image file in HTML; metadata from meta description; browser harvest (Cloudflare blocks curl)
ngc:cactus-6,national_gallery_canada,Cactus,1961,1961,National Gallery of Canada,39085.4,graphite on wove paper,43 x 35.7 cm,,,"Lawren S. Harris, Cactus, 1961, graphite on wove paper, 43 x 35.7 cm, National Gallery of Canada",NGC image reproduction terms; Harris d.1970 PD in Canada for the work,https://www.gallery.ca/collection/artwork/cactus-6,,,,,,,high,NGC page has no published image file in HTML; metadata from meta description; browser harvest (Cloudflare blocks curl)
ngc:cactus-7,national_gallery_canada,Cactus,1961,1961,National Gallery of Canada,39085.5,graphite on wove paper,43 x 35.7 cm,,,"Lawren S. Harris, Cactus, 1961, graphite on wove paper, 43 x 35.7 cm, National Gallery of Canada",NGC image reproduction terms; Harris d.1970 PD in Canada for the work,https://www.gallery.ca/collection/artwork/cactus-7,,,,,,,high,NGC page has no published image file in HTML; metadata from meta description; browser harvest (Cloudflare blocks curl)
ngc:cactus-8,national_gallery_canada,Cactus,1961,1961,National Gallery of Canada,39085.6,graphite on wove paper,35.7 x 43 cm,,,"Lawren S. Harris, Cactus, 1961, graphite on wove paper, 35.7 x 43 cm, National Gallery of Canada",NGC image reproduction terms; Harris d.1970 PD in Canada for the work,https://www.gallery.ca/collection/artwork/cactus-8,,,,,,,high,NGC page has no published image file in HTML; metadata from meta description; browser harvest (Cloudflare blocks curl)
ngc:cactus-9,national_gallery_canada,Cactus,1961,1961,National Gallery of Canada,39085.7,graphite on wove paper,35.7 x 43 cm,,,"Lawren S. Harris, Cactus, 1961, graphite on wove paper, 35.7 x 43 cm, National Gallery of Canada",NGC image reproduction terms; Harris d.1970 PD in Canada for the work,https://www.gallery.ca/collection/artwork/cactus-9,,,,,,,high,NGC page has no published image file in HTML; metadata from meta description; browser harvest (Cloudflare blocks curl)
ngc:cactus-10,national_gallery_canada,Cactus,1961,1961,National Gallery of Canada,39085.8,graphite on wove paper,43 x 35.7 cm,,,"Lawren S. Harris, Cactus, 1961, graphite on wove paper, 43 x 35.7 cm, National Gallery of Canada",NGC image reproduction terms; Harris d.1970 PD in Canada for the work,https://www.gallery.ca/collection/artwork/cactus-10,,,,,,,high,NGC page has no published image file in HTML; metadata from meta description; browser harvest (Cloudflare blocks curl)
ngc:cactus-11,national_gallery_canada,Cactus,1961,1961,National Gallery of Canada,39085.9,graphite on wove paper,43 x 35.7 cm,,,"Lawren S. Harris, Cactus, 1961, graphite on wove paper, 43 x 35.7 cm, National Gallery of Canada",NGC image reproduction terms; Harris d.1970 PD in Canada for the work,https://www.gallery.ca/collection/artwork/cactus-11,,,,,,,high,NGC page has no published image file in HTML; metadata from meta description; browser harvest (Cloudflare blocks curl)
ngc:billboard-jazz,national_gallery_canada,Billboard (Jazz),1921,1921,National Gallery of Canada,47043,oil on canvas,107.2 x 127.5 cm,,,"Lawren S. Harris, Billboard (Jazz), 1921, oil on canvas, 107.2 x 127.5 cm, National Gallery of Canada",NGC image reproduction terms; Harris d.1970 PD in Canada for the work,https://www.gallery.ca/collection/artwork/billboard-jazz,,,,,,,high,NGC page has no published image file in HTML; metadata from meta description; browser harvest (Cloudflare blocks curl)
ngc:cactus,national_gallery_canada,Cactus,1961,1961,National Gallery of Canada,39085.1,graphite on wove paper,43 x 35.7 cm,,,"Lawren S. Harris, Cactus, 1961, graphite on wove paper, 43 x 35.7 cm, National Gallery of Canada",NGC image reproduction terms; Harris d.1970 PD in Canada for the work,https://www.gallery.ca/collection/artwork/cactus,,,,,,,high,NGC page has no published image file in HTML; metadata from meta description; browser harvest (Cloudflare blocks curl)
ngc:maligne-lake-jasper-park-1,national_gallery_canada,"Maligne Lake, Jasper Park",1924,1924,National Gallery of Canada,3541,oil on canvas,122.8 x 152.8 cm,,,"Lawren S. Harris, Maligne Lake, Jasper Park, 1924, oil on canvas, 122.8 x 152.8 cm, National Gallery of Canada",NGC image reproduction terms; Harris d.1970 PD in Canada for the work,https://www.gallery.ca/collection/artwork/maligne-lake-jasper-park-1,,,,,,,high,NGC page has no published image file in HTML; metadata from meta description; browser harvest (Cloudflare blocks curl)
ngc:abstract-no-561,national_gallery_canada,Abstract No. 561,1938,c. 1938-1942,National Gallery of Canada,29864,graphite on calendered wove paper,27.5 x 21.2 cm,,,"Lawren S. Harris, Abstract No. 561, c. 1938-1942, graphite on calendered wove paper, 27.5 x 21.2 cm, National Gallery of Canada",NGC image reproduction terms; Harris d.1970 PD in Canada for the work,https://www.gallery.ca/collection/artwork/abstract-no-561,,,,,,,high,NGC page has no published image file in HTML; metadata from meta description; browser harvest (Cloudflare blocks curl)
ngc:rocky-mountains-no-163,national_gallery_canada,Rocky Mountains No. 163,1924,c. 1924-1928,National Gallery of Canada,29867,graphite on calendered wove paper,20.5 x 25.4 cm,,,"Lawren S. Harris, Rocky Mountains No. 163, c. 1924-1928, graphite on calendered wove paper, 20.5 x 25.4 cm, National Gallery of Canada",NGC image reproduction terms; Harris d.1970 PD in Canada for the work,https://www.gallery.ca/collection/artwork/rocky-mountains-no-163,,,,,,,high,NGC page has no published image file in HTML; metadata from meta description; browser harvest (Cloudflare blocks curl)
ngc:untitled-5646,national_gallery_canada,Untitled,1968,c. 1968,National Gallery of Canada,30032,oil on canvas,117 x 165.5 x 4 cm,,,"Lawren S. Harris, Untitled, c. 1968, oil on canvas, 117 x 165.5 x 4 cm, National Gallery of Canada",NGC image reproduction terms; Harris d.1970 PD in Canada for the work,https://www.gallery.ca/collection/artwork/untitled-5646,,,,,,,high,NGC page has no published image file in HTML; metadata from meta description; browser harvest (Cloudflare blocks curl)
ngc:study-for-lighthouse-father-point,national_gallery_canada,"Study for &quot;Lighthouse, Father Point&quot;",1929,1929,National Gallery of Canada,36121,oil on beaverboard,30.4 x 37.9 cm,,,"Lawren S. Harris, Study for &quot;Lighthouse, Father Point&quot;, 1929, oil on beaverboard, 30.4 x 37.9 cm, National Gallery of Canada",NGC image reproduction terms; Harris d.1970 PD in Canada for the work,https://www.gallery.ca/collection/artwork/study-for-lighthouse-father-point,,,,,,,high,NGC page has no published image file in HTML; metadata from meta description; browser harvest (Cloudflare blocks curl)
ngc:rocky-mountain-sketch,national_gallery_canada,Rocky Mountain Sketch,1940,c. 1940-1950,National Gallery of Canada,38128,graphite on wove paper,22.6 x 30.3 cm,,,"Lawren S. Harris, Rocky Mountain Sketch, c. 1940-1950, graphite on wove paper, 22.6 x 30.3 cm, National Gallery of Canada",NGC image reproduction terms; Harris d.1970 PD in Canada for the work,https://www.gallery.ca/collection/artwork/rocky-mountain-sketch,,,,,,,high,NGC page has no published image file in HTML; metadata from meta description; browser harvest (Cloudflare blocks curl)
ngc:on-the-agawa-river-algoma,national_gallery_canada,"On the Agawa River, Algoma",1919,c. 1919,National Gallery of Canada,38389,oil on wood,26.5 x 35.5 cm,,,"Lawren S. Harris, On the Agawa River, Algoma, c. 1919, oil on wood, 26.5 x 35.5 cm, National Gallery of Canada",NGC image reproduction terms; Harris d.1970 PD in Canada for the work,https://www.gallery.ca/collection/artwork/on-the-agawa-river-algoma,,,,,,,high,NGC page has no published image file in HTML; metadata from meta description; browser harvest (Cloudflare blocks curl)
ngc:abstract-no-591,national_gallery_canada,Abstract No. 591,1938,c. 1938-1942,National Gallery of Canada,29863,graphite on wove paper,21.5 x 27.7 cm,,,"Lawren S. Harris, Abstract No. 591, c. 1938-1942, graphite on wove paper, 21.5 x 27.7 cm, National Gallery of Canada",NGC image reproduction terms; Harris d.1970 PD in Canada for the work,https://www.gallery.ca/collection/artwork/abstract-no-591,,,,,,,high,NGC page has no published image file in HTML; metadata from meta description; browser harvest (Cloudflare blocks curl)
ngc:rocky-mountains-no-136,national_gallery_canada,Rocky Mountains No. 136,1940,c. 1940-1950,National Gallery of Canada,29866,graphite on wove paper,20.5 x 30.3 cm,,,"Lawren S. Harris, Rocky Mountains No. 136, c. 1940-1950, graphite on wove paper, 20.5 x 30.3 cm, National Gallery of Canada",NGC image reproduction terms; Harris d.1970 PD in Canada for the work,https://www.gallery.ca/collection/artwork/rocky-mountains-no-136,,,,,,,high,NGC page has no published image file in HTML; metadata from meta description; browser harvest (Cloudflare blocks curl)
ngc:rocky-mountains-no-192,national_gallery_canada,Rocky Mountains No. 192,1924,c. 1924-1928,National Gallery of Canada,29869,graphite on calendered wove paper,20.5 x 25.4 cm,,,"Lawren S. Harris, Rocky Mountains No. 192, c. 1924-1928, graphite on calendered wove paper, 20.5 x 25.4 cm, National Gallery of Canada",NGC image reproduction terms; Harris d.1970 PD in Canada for the work,https://www.gallery.ca/collection/artwork/rocky-mountains-no-192,,,,,,,high,NGC page has no published image file in HTML; metadata from meta description; browser harvest (Cloudflare blocks curl)
ngc:abstract-painting,national_gallery_canada,Abstract Painting,1950,1950,National Gallery of Canada,36165,oil on masonite,73.5 x 79.2 cm,,,"Lawren S. Harris, Abstract Painting, 1950, oil on masonite, 73.5 x 79.2 cm, National Gallery of Canada",NGC image reproduction terms; Harris d.1970 PD in Canada for the work,https://www.gallery.ca/collection/artwork/abstract-painting,,,,,,,high,NGC page has no published image file in HTML; metadata from meta description; browser harvest (Cloudflare blocks curl)
ngc:arctic-drawing-no-197,national_gallery_canada,Arctic Drawing No. 197,1930,1930,National Gallery of Canada,38127,graphite on wove paper,20.4 x 25.2 cm,,,"Lawren S. Harris, Arctic Drawing No. 197, 1930, graphite on wove paper, 20.4 x 25.2 cm, National Gallery of Canada",NGC image reproduction terms; Harris d.1970 PD in Canada for the work,https://www.gallery.ca/collection/artwork/arctic-drawing-no-197,,,,,,,high,NGC page has no published image file in HTML; metadata from meta description; browser harvest (Cloudflare blocks curl)
ngc:abstract-no-603,national_gallery_canada,Abstract No. 603,1938,c. 1938-1942,National Gallery of Canada,29862,graphite on wove paper,21.5 x 27.2 cm,,,"Lawren S. Harris, Abstract No. 603, c. 1938-1942, graphite on wove paper, 21.5 x 27.2 cm, National Gallery of Canada",NGC image reproduction terms; Harris d.1970 PD in Canada for the work,https://www.gallery.ca/collection/artwork/abstract-no-603,,,,,,,high,NGC page has no published image file in HTML; metadata from meta description; browser harvest (Cloudflare blocks curl)
ngc:abstract-no-559,national_gallery_canada,Abstract No. 559,1938,c. 1938-1942,National Gallery of Canada,29865,graphite on wove paper,21.5 x 27.7 cm,,,"Lawren S. Harris, Abstract No. 559, c. 1938-1942, graphite on wove paper, 21.5 x 27.7 cm, National Gallery of Canada",NGC image reproduction terms; Harris d.1970 PD in Canada for the work,https://www.gallery.ca/collection/artwork/abstract-no-559,,,,,,,high,NGC page has no published image file in HTML; metadata from meta description; browser harvest (Cloudflare blocks curl)
ngc:rocky-mountains-no-193,national_gallery_canada,Rocky Mountains No. 193,1924,c. 1924-1928,National Gallery of Canada,29868,graphite on calendered wove paper,20.5 x 25.4 cm,,,"Lawren S. Harris, Rocky Mountains No. 193, c. 1924-1928, graphite on calendered wove paper, 20.5 x 25.4 cm, National Gallery of Canada",NGC image reproduction terms; Harris d.1970 PD in Canada for the work,https://www.gallery.ca/collection/artwork/rocky-mountains-no-193,,,,,,,high,NGC page has no published image file in HTML; metadata from meta description; browser harvest (Cloudflare blocks curl)
ngc:fish-stage-quidi-vidi-newfoundland,national_gallery_canada,"Fish Stage, Quidi Vidi, Newfoundland",1921,1921,National Gallery of Canada,30151,oil on beaverboard,26.6 x 35 cm,,,"Lawren S. Harris, Fish Stage, Quidi Vidi, Newfoundland, 1921, oil on beaverboard, 26.6 x 35 cm, National Gallery of Canada",NGC image reproduction terms; Harris d.1970 PD in Canada for the work,https://www.gallery.ca/collection/artwork/fish-stage-quidi-vidi-newfoundland,,,,,,,high,NGC page has no published image file in HTML; metadata from meta description; browser harvest (Cloudflare blocks curl)
ngc:beaver-pond,national_gallery_canada,Beaver Pond,1921,1921,National Gallery of Canada,38020,oil on canvas,81.7 x 102 cm,,,"Lawren S. Harris, Beaver Pond, 1921, oil on canvas, 81.7 x 102 cm, National Gallery of Canada",NGC image reproduction terms; Harris d.1970 PD in Canada for the work,https://www.gallery.ca/collection/artwork/beaver-pond,,,,,,,high,NGC page has no published image file in HTML; metadata from meta description; browser harvest (Cloudflare blocks curl)
ngc:richmond-street-and-augusta-avenue,national_gallery_canada,Richmond Street and Augusta Avenue,1915,c. 1915,National Gallery of Canada,38126,graphite on wove linen paper,21.3 x 27.8 cm,,,"Lawren S. Harris, Richmond Street and Augusta Avenue, c. 1915, graphite on wove linen paper, 21.3 x 27.8 cm, National Gallery of Canada",NGC image reproduction terms; Harris d.1970 PD in Canada for the work,https://www.gallery.ca/collection/artwork/richmond-street-and-augusta-avenue,,,,,,,high,NGC page has no published image file in HTML; metadata from meta description; browser harvest (Cloudflare blocks curl)
ngc:transfer-drawing-for-abstract-painting-no-20,national_gallery_canada,Transfer Drawing for &quot;Abstract Painting No. 20&quot;,1943,c. 1943,National Gallery of Canada,38129,graphite on wove paper,58.5 x 49 cm,,,"Lawren S. Harris, Transfer Drawing for &quot;Abstract Painting No. 20&quot;, c. 1943, graphite on wove paper, 58.5 x 49 cm, National Gallery of Canada",NGC image reproduction terms; Harris d.1970 PD in Canada for the work,https://www.gallery.ca/collection/artwork/transfer-drawing-for-abstract-painting-no-20,,,,,,,high,NGC page has no published image file in HTML; metadata from meta description; browser harvest (Cloudflare blocks curl)
ngc:pic-island-lake-superior,national_gallery_canada,"Pic Island, Lake Superior",1924,c. 1924,National Gallery of Canada,16441,oil on beaverboard,29.7 x 37.2 cm,,,"Lawren S. Harris, Pic Island, Lake Superior, c. 1924, oil on beaverboard, 29.7 x 37.2 cm, National Gallery of Canada",NGC image reproduction terms; Harris d.1970 PD in Canada for the work,https://www.gallery.ca/collection/artwork/pic-island-lake-superior,,,,,,,high,NGC page has no published image file in HTML; metadata from meta description; browser harvest (Cloudflare blocks curl)
ngc:white-triangle,national_gallery_canada,White Triangle,1939,c. 1939,National Gallery of Canada,17159,oil on canvas,129.5 x 93.2 cm,,,"Lawren S. Harris, White Triangle, c. 1939, oil on canvas, 129.5 x 93.2 cm, National Gallery of Canada",NGC image reproduction terms; Harris d.1970 PD in Canada for the work,https://www.gallery.ca/collection/artwork/white-triangle,,,,,,,high,NGC page has no published image file in HTML; metadata from meta description; browser harvest (Cloudflare blocks curl)
ngc:lake-superior-sketch-no-63,national_gallery_canada,"Lake Superior Sketch, No. 63",1926,c. 1926,National Gallery of Canada,16550,oil on beaverboard,30.3 x 37.8 cm,,,"Lawren S. Harris, Lake Superior Sketch, No. 63, c. 1926, oil on beaverboard, 30.3 x 37.8 cm, National Gallery of Canada",NGC image reproduction terms; Harris d.1970 PD in Canada for the work,https://www.gallery.ca/collection/artwork/lake-superior-sketch-no-63,,,,,,,high,NGC page has no published image file in HTML; metadata from meta description; browser harvest (Cloudflare blocks curl)
ngc:winter-morning,national_gallery_canada,Winter Morning,1914,1914,National Gallery of Canada,1036,oil on canvas,103 x 115.1 cm,,,"Lawren S. Harris, Winter Morning, 1914, oil on canvas, 103 x 115.1 cm, National Gallery of Canada",NGC image reproduction terms; Harris d.1970 PD in Canada for the work,https://www.gallery.ca/collection/artwork/winter-morning,,,,,,,high,NGC page has no published image file in HTML; metadata from meta description; browser harvest (Cloudflare blocks curl)
ngc:mountain-peak,national_gallery_canada,Mountain Peak,1941,c. 1941,National Gallery of Canada,18711,graphite on wove paper,27.7 x 21.4 cm,,,"Lawren S. Harris, Mountain Peak, c. 1941, graphite on wove paper, 27.7 x 21.4 cm, National Gallery of Canada",NGC image reproduction terms; Harris d.1970 PD in Canada for the work,https://www.gallery.ca/collection/artwork/mountain-peak,,,,,,,high,NGC page has no published image file in HTML; metadata from meta description; browser harvest (Cloudflare blocks curl)
ngc:mount-robson,national_gallery_canada,"Mount Robson, 19.3 x 25.4 cm irregular",1924,c. 1924-1929,National Gallery of Canada,18712,graphite on wove paper,,,,"Lawren S. Harris, Mount Robson, c. 1924-1929, graphite on wove paper, 19.3 x 25.4 cm irregular, National Gallery of Canada",NGC image reproduction terms; Harris d.1970 PD in Canada for the work,https://www.gallery.ca/collection/artwork/mount-robson,,,,,,,high,NGC page has no published image file in HTML; metadata from meta description; browser harvest (Cloudflare blocks curl)
ngc:isolated-peak,national_gallery_canada,Isolated Peak,1929,c. 1929,National Gallery of Canada,18713,graphite on wove paper,19.2 x 25.4 cm,,,"Lawren S. Harris, Isolated Peak, c. 1929, graphite on wove paper, 19.2 x 25.4 cm, National Gallery of Canada",NGC image reproduction terms; Harris d.1970 PD in Canada for the work,https://www.gallery.ca/collection/artwork/isolated-peak,,,,,,,high,NGC page has no published image file in HTML; metadata from meta description; browser harvest (Cloudflare blocks curl)
ngc:lake-superior-landscape,national_gallery_canada,Lake Superior Landscape,1921,c. 1921-1926,National Gallery of Canada,18714,graphite on wove paper,21.4 x 27.8 cm,,,"Lawren S. Harris, Lake Superior Landscape, c. 1921-1926, graphite on wove paper, 21.4 x 27.8 cm, National Gallery of Canada",NGC image reproduction terms; Harris d.1970 PD in Canada for the work,https://www.gallery.ca/collection/artwork/lake-superior-landscape,,,,,,,high,NGC page has no published image file in HTML; metadata from meta description; browser harvest (Cloudflare blocks curl)
ngc:inuit-tent-pangnirtung,national_gallery_canada,"Inuit Tent, Pangnirtung",1930,1930,National Gallery of Canada,18715,graphite on wove paper,19.2 x 25.3 cm,,,"Lawren S. Harris, Inuit Tent, Pangnirtung, 1930, graphite on wove paper, 19.2 x 25.3 cm, National Gallery of Canada",NGC image reproduction terms; Harris d.1970 PD in Canada for the work,https://www.gallery.ca/collection/artwork/inuit-tent-pangnirtung,,,,,,,high,NGC page has no published image file in HTML; metadata from meta description; browser harvest (Cloudflare blocks curl)
ngc:clyde-river-baffin-island,national_gallery_canada,"Clyde River, Baffin Island",1930,1930,National Gallery of Canada,18716,graphite on wove paper,19.2 x 25.3 cm,,,"Lawren S. Harris, Clyde River, Baffin Island, 1930, graphite on wove paper, 19.2 x 25.3 cm, National Gallery of Canada",NGC image reproduction terms; Harris d.1970 PD in Canada for the work,https://www.gallery.ca/collection/artwork/clyde-river-baffin-island,,,,,,,high,NGC page has no published image file in HTML; metadata from meta description; browser harvest (Cloudflare blocks curl)
ngc:sketch-for-lake-harbour-south-shore-baffin-island-morning,national_gallery_canada,"Sketch for &quot;Lake Harbour, South Shore, Baffin Island, Morning&quot;",1930,1930,National Gallery of Canada,18717,graphite on wove paper,19.3 x 25.2 cm,,,"Lawren S. Harris, Sketch for &quot;Lake Harbour, South Shore, Baffin Island, Morning&quot;, 1930, graphite on wove paper, 19.3 x 25.2 cm, National Gallery of Canada",NGC image reproduction terms; Harris d.1970 PD in Canada for the work,https://www.gallery.ca/collection/artwork/sketch-for-lake-harbour-south-shore-baffin-island-morning,,,,,,,high,NGC page has no published image file in HTML; metadata from meta description; browser harvest (Cloudflare blocks curl)
ngc:abstract-with-notes-on-science-and-art,national_gallery_canada,Abstract with Notes on Science and Art,1935,c. 1935,National Gallery of Canada,18718,graphite on wove paper,27.8 x 21.4 cm,,,"Lawren S. Harris, Abstract with Notes on Science and Art, c. 1935, graphite on wove paper, 27.8 x 21.4 cm, National Gallery of Canada",NGC image reproduction terms; Harris d.1970 PD in Canada for the work,https://www.gallery.ca/collection/artwork/abstract-with-notes-on-science-and-art,,,,,,,high,NGC page has no published image file in HTML; metadata from meta description; browser harvest (Cloudflare blocks curl)
ngc:abstract,national_gallery_canada,Abstract,1935,c. 1935,National Gallery of Canada,18719,graphite on wove paper,21.3 x 27.7 cm,,,"Lawren S. Harris, Abstract, c. 1935, graphite on wove paper, 21.3 x 27.7 cm, National Gallery of Canada",NGC image reproduction terms; Harris d.1970 PD in Canada for the work,https://www.gallery.ca/collection/artwork/abstract,,,,,,,high,NGC page has no published image file in HTML; metadata from meta description; browser harvest (Cloudflare blocks curl)
ngc:abstract-0,national_gallery_canada,Abstract,1937,1937,National Gallery of Canada,18720,graphite on wove paper,27.6 x 21.3 cm,,,"Lawren S. Harris, Abstract, 1937, graphite on wove paper, 27.6 x 21.3 cm, National Gallery of Canada",NGC image reproduction terms; Harris d.1970 PD in Canada for the work,https://www.gallery.ca/collection/artwork/abstract-0,,,,,,,high,NGC page has no published image file in HTML; metadata from meta description; browser harvest (Cloudflare blocks curl)
ngc:snow-covered-fir-tree,national_gallery_canada,"Snow-covered Fir Tree, 24.3 x 21.4 cm irregular",1924,1924,National Gallery of Canada,18721,graphite on wove paper,,,,"Lawren S. Harris, Snow-covered Fir Tree, 1924, graphite on wove paper, 24.3 x 21.4 cm irregular, National Gallery of Canada",NGC image reproduction terms; Harris d.1970 PD in Canada for the work,https://www.gallery.ca/collection/artwork/snow-covered-fir-tree,,,,,,,high,NGC page has no published image file in HTML; metadata from meta description; browser harvest (Cloudflare blocks curl)
ngc:mount-robson-0,national_gallery_canada,"Mount Robson, 18.9 x 25.4 cm irregular",1924,c. 1924-1925,National Gallery of Canada,18774,graphite on wove paper,,,,"Lawren S. Harris, Mount Robson, c. 1924-1925, graphite on wove paper, 18.9 x 25.4 cm irregular, National Gallery of Canada",NGC image reproduction terms; Harris d.1970 PD in Canada for the work,https://www.gallery.ca/collection/artwork/mount-robson-0,,,,,,,high,NGC page has no published image file in HTML; metadata from meta description; browser harvest (Cloudflare blocks curl)
ngc:in-the-ward-toronto,national_gallery_canada,"In the Ward, Toronto",1919,c. 1919,National Gallery of Canada,15476,oil on beaverboard,26.7 x 34.7 x 3.9 cm,,,"Lawren S. Harris, In the Ward, Toronto, c. 1919, oil on beaverboard, 26.7 x 34.7 x 3.9 cm, National Gallery of Canada",NGC image reproduction terms; Harris d.1970 PD in Canada for the work,https://www.gallery.ca/collection/artwork/in-the-ward-toronto,,,,,,,high,NGC page has no published image file in HTML; metadata from meta description; browser harvest (Cloudflare blocks curl)
ngc:equations-in-space,national_gallery_canada,Equations in Space,1936,c. 1936,National Gallery of Canada,15673,oil on canvas,76.3 x 122.2 cm,,,"Lawren S. Harris, Equations in Space, c. 1936, oil on canvas, 76.3 x 122.2 cm, National Gallery of Canada",NGC image reproduction terms; Harris d.1970 PD in Canada for the work,https://www.gallery.ca/collection/artwork/equations-in-space,,,,,,,high,NGC page has no published image file in HTML; metadata from meta description; browser harvest (Cloudflare blocks curl)
ngc:maligne-lake-jasper-park,national_gallery_canada,"Maligne Lake, Jasper Park",1924,1924,National Gallery of Canada,3167,pen and black ink on wove paper,35.2 x 40.3 cm,,,"Lawren S. Harris, Maligne Lake, Jasper Park, 1924, pen and black ink on wove paper, 35.2 x 40.3 cm, National Gallery of Canada",NGC image reproduction terms; Harris d.1970 PD in Canada for the work,https://www.gallery.ca/collection/artwork/maligne-lake-jasper-park,,,,,,,high,NGC page has no published image file in HTML; metadata from meta description; browser harvest (Cloudflare blocks curl)
ngc:winter-in-the-city,national_gallery_canada,Winter in the City,1924,1924,National Gallery of Canada,3168,pen and black ink with graphite on wove paper,34.3 x 39.3 cm,,,"Lawren S. Harris, Winter in the City, 1924, pen and black ink with graphite on wove paper, 34.3 x 39.3 cm, National Gallery of Canada",NGC image reproduction terms; Harris d.1970 PD in Canada for the work,https://www.gallery.ca/collection/artwork/winter-in-the-city,,,,,,,high,NGC page has no published image file in HTML; metadata from meta description; browser harvest (Cloudflare blocks curl)
ngc:rocky-mountains,national_gallery_canada,Rocky Mountains,1924,1924,National Gallery of Canada,3169,pen and black ink on calendered wove paper,35.1 x 39.3 cm,,,"Lawren S. Harris, Rocky Mountains, 1924, pen and black ink on calendered wove paper, 35.1 x 39.3 cm, National Gallery of Canada",NGC image reproduction terms; Harris d.1970 PD in Canada for the work,https://www.gallery.ca/collection/artwork/rocky-mountains,,,,,,,high,NGC page has no published image file in HTML; metadata from meta description; browser harvest (Cloudflare blocks curl)
ngc:afternoon-sun-north-shore-lake-superior,national_gallery_canada,"Afternoon Sun, North Shore, Lake Superior",1924,1924,National Gallery of Canada,3351,oil on canvas,101.7 x 127.6 cm,,,"Lawren S. Harris, Afternoon Sun, North Shore, Lake Superior, 1924, oil on canvas, 101.7 x 127.6 cm, National Gallery of Canada",NGC image reproduction terms; Harris d.1970 PD in Canada for the work,https://www.gallery.ca/collection/artwork/afternoon-sun-north-shore-lake-superior,,,,,,,high,NGC page has no published image file in HTML; metadata from meta description; browser harvest (Cloudflare blocks curl)
ngc:the-drive,national_gallery_canada,The Drive,1912,1912,National Gallery of Canada,359,oil on canvas,90.7 x 137.6 cm,,,"Lawren S. Harris, The Drive, 1912, oil on canvas, 90.7 x 137.6 cm, National Gallery of Canada",NGC image reproduction terms; Harris d.1970 PD in Canada for the work,https://www.gallery.ca/collection/artwork/the-drive,,,,,,,high,NGC page has no published image file in HTML; metadata from meta description; browser harvest (Cloudflare blocks curl)
ngc:silent-land,national_gallery_canada,Silent Land,1920,c. 1920,National Gallery of Canada,4755,oil on wood,27 x 35.3 cm,,,"Lawren S. Harris, Silent Land, c. 1920, oil on wood, 27 x 35.3 cm, National Gallery of Canada",NGC image reproduction terms; Harris d.1970 PD in Canada for the work,https://www.gallery.ca/collection/artwork/silent-land,,,,,,,high,NGC page has no published image file in HTML; metadata from meta description; browser harvest (Cloudflare blocks curl)
ngc:january-thaw-edge-of-town,national_gallery_canada,"January Thaw, Edge of Town",1921,1921,National Gallery of Canada,5005,oil on canvas,107 x 127.2 cm,,,"Lawren S. Harris, January Thaw, Edge of Town, 1921, oil on canvas, 107 x 127.2 cm, National Gallery of Canada",NGC image reproduction terms; Harris d.1970 PD in Canada for the work,https://www.gallery.ca/collection/artwork/january-thaw-edge-of-town,,,,,,,high,NGC page has no published image file in HTML; metadata from meta description; browser harvest (Cloudflare blocks curl)
ngc:black-court-halifax,national_gallery_canada,"Black Court, Halifax",1921,1921,National Gallery of Canada,5007,oil on canvas,97.1 x 112 cm,,,"Lawren S. Harris, Black Court, Halifax, 1921, oil on canvas, 97.1 x 112 cm, National Gallery of Canada",NGC image reproduction terms; Harris d.1970 PD in Canada for the work,https://www.gallery.ca/collection/artwork/black-court-halifax,,,,,,,high,NGC page has no published image file in HTML; metadata from meta description; browser harvest (Cloudflare blocks curl)
ngc:toronto-street-winter-morning,national_gallery_canada,"Toronto Street, Winter Morning",1920,1920,National Gallery of Canada,5010,oil on canvas,97.5 x 112.2 cm,,,"Lawren S. Harris, Toronto Street, Winter Morning, 1920, oil on canvas, 97.5 x 112.2 cm, National Gallery of Canada",NGC image reproduction terms; Harris d.1970 PD in Canada for the work,https://www.gallery.ca/collection/artwork/toronto-street-winter-morning,,,,,,,high,NGC page has no published image file in HTML; metadata from meta description; browser harvest (Cloudflare blocks curl)
ngc:lighthouse-father-point,national_gallery_canada,"Lighthouse, Father Point",1930,1930,National Gallery of Canada,5011,oil on canvas,107.9 x 128.1 cm,,,"Lawren S. Harris, Lighthouse, Father Point, 1930, oil on canvas, 107.9 x 128.1 cm, National Gallery of Canada",NGC image reproduction terms; Harris d.1970 PD in Canada for the work,https://www.gallery.ca/collection/artwork/lighthouse-father-point,,,,,,,high,NGC page has no published image file in HTML; metadata from meta description; browser harvest (Cloudflare blocks curl)
ngc:italian-store-in-the-ward,national_gallery_canada,Italian Store in the Ward,1922,1922,National Gallery of Canada,5012,oil on canvas,81.8 x 97 cm,,,"Lawren S. Harris, Italian Store in the Ward, 1922, oil on canvas, 81.8 x 97 cm, National Gallery of Canada",NGC image reproduction terms; Harris d.1970 PD in Canada for the work,https://www.gallery.ca/collection/artwork/italian-store-in-the-ward,,,,,,,high,NGC page has no published image file in HTML; metadata from meta description; browser harvest (Cloudflare blocks curl)
ngc:pine-plains-ontario,national_gallery_canada,"Pine Plains, Ontario",1915,c. 1915,National Gallery of Canada,6964,oil on beaverboard,26.8 x 34.6 cm,,,"Lawren S. Harris, Pine Plains, Ontario, c. 1915, oil on beaverboard, 26.8 x 34.6 cm, National Gallery of Canada",NGC image reproduction terms; Harris d.1970 PD in Canada for the work,https://www.gallery.ca/collection/artwork/pine-plains-ontario,,,,,,,high,NGC page has no published image file in HTML; metadata from meta description; browser harvest (Cloudflare blocks curl)
ngc:near-sand-lake-algoma,national_gallery_canada,"Near Sand Lake, Algoma",1921,1921,National Gallery of Canada,6965,oil on wood,26.9 x 35.3 cm,,,"Lawren S. Harris, Near Sand Lake, Algoma, 1921, oil on wood, 26.9 x 35.3 cm, National Gallery of Canada",NGC image reproduction terms; Harris d.1970 PD in Canada for the work,https://www.gallery.ca/collection/artwork/near-sand-lake-algoma,,,,,,,high,NGC page has no published image file in HTML; metadata from meta description; browser harvest (Cloudflare blocks curl)
ngc:north-greenland,national_gallery_canada,North Greenland,1930,1930,National Gallery of Canada,6966,oil on beaverboard,30.2 x 38 cm,,,"Lawren S. Harris, North Greenland, 1930, oil on beaverboard, 30.2 x 38 cm, National Gallery of Canada",NGC image reproduction terms; Harris d.1970 PD in Canada for the work,https://www.gallery.ca/collection/artwork/north-greenland,,,,,,,high,NGC page has no published image file in HTML; metadata from meta description; browser harvest (Cloudflare blocks curl)
ngc:shacks,national_gallery_canada,Shacks,1919,1919,National Gallery of Canada,1693,oil on canvas,107.9 x 128 cm,,,"Lawren S. Harris, Shacks, 1919, oil on canvas, 107.9 x 128 cm, National Gallery of Canada",NGC image reproduction terms; Harris d.1970 PD in Canada for the work,https://www.gallery.ca/collection/artwork/shacks,,,,,,,high,NGC page has no published image file in HTML; metadata from meta description; browser harvest (Cloudflare blocks curl)
ngc:nature-rhythms,national_gallery_canada,Nature Rhythms,1950,c. 1950,National Gallery of Canada,17160,oil on canvas,101.7 x 129 cm,,,"Lawren S. Harris, Nature Rhythms, c. 1950, oil on canvas, 101.7 x 129 cm, National Gallery of Canada",NGC image reproduction terms; Harris d.1970 PD in Canada for the work,https://www.gallery.ca/collection/artwork/nature-rhythms,,,,,,,high,NGC page has no published image file in HTML; metadata from meta description; browser harvest (Cloudflare blocks curl)
ngc:maligne-lake-jasper-park-alberta,national_gallery_canada,"Maligne Lake, Jasper Park, Alberta",1924,1924,National Gallery of Canada,18290,pen and black ink on wove paper,32.8 x 40 cm; image: 22.6 x 29.2 cm,,,"Lawren S. Harris, Maligne Lake, Jasper Park, Alberta, 1924, pen and black ink on wove paper, 32.8 x 40 cm; image: 22.6 x 29.2 cm, National Gallery of Canada",NGC image reproduction terms; Harris d.1970 PD in Canada for the work,https://www.gallery.ca/collection/artwork/maligne-lake-jasper-park-alberta,,,,,,,high,NGC page has no published image file in HTML; metadata from meta description; browser harvest (Cloudflare blocks curl)
ngc:abstract-sketch-0,national_gallery_canada,Abstract Sketch,1936,1936,National Gallery of Canada,17614,oil on beaverboard,37.9 x 30.2 cm,,,"Lawren S. Harris, Abstract Sketch, 1936, oil on beaverboard, 37.9 x 30.2 cm, National Gallery of Canada",NGC image reproduction terms; Harris d.1970 PD in Canada for the work,https://www.gallery.ca/collection/artwork/abstract-sketch-0,,,,,,,high,NGC page has no published image file in HTML; metadata from meta description; browser harvest (Cloudflare blocks curl)
aggv:22556-mountain-sketch-xciii-mount-owen-near-lake-o-hara,aggv,Mountain Sketch XCIII (Mount Owen Near Lake O'Hara),,n.d.,Art Gallery of Greater Victoria,2019.021.004,oil,"Image: 37.5 × 29.5 cm (14 3/4 × 11 5/8 in.)
Framed: 52.5 × 45 × 3.5 cm",,,Landscape of a distant lilac mountain. In the foreground are brown rocks and a cliff on the left side.,Check institution terms; Harris died 1970 — PD in Canada for works,https://aggv.ca/emuseum/objects/22556/mountain-sketch-xciii-mount-owen-near-lake-ohara,https://aggv.ca/emuseum/internal/media/dispatcher/22910/full,data/swarm/canada_museums/images/aggv/22556-mountain-sketch-xciii-mount-owen-near-lake-o-hara.jpg,8f35e668bb96934fda04c9bfcb1d3c29e81242dd61136f15e6a403e527dc01d0,800,639,,high,"credit: Gift of Ian and Andrew Burchett from the estate of their parents, Peter and Damaris Burchett."
aggv:22555-mountain-sketch-li-near-moraine-lake,aggv,Mountain Sketch LI (Near Moraine Lake),,n.d.,Art Gallery of Greater Victoria,2019.021.003,oil,"Image: 37.5 × 29.5 cm (14 3/4 × 11 5/8 in.)
Framed: 53 × 35.5 cm",,,"Landscape with geometric elements. A central mountain in purple, with three rolling green hills in the foreground. In the distance are several blue mountains.",Check institution terms; Harris died 1970 — PD in Canada for works,https://aggv.ca/emuseum/objects/22555/mountain-sketch-li-near-moraine-lake,https://aggv.ca/emuseum/internal/media/dispatcher/22909/full,data/swarm/canada_museums/images/aggv/22555-mountain-sketch-li-near-moraine-lake.jpg,8949b6b81f71b1472e3e70d3b60e3fe155cb61915339a4443f14b33c3b9f920e,800,639,,high,"credit: Gift of Ian and Andrew Burchett from the estate of their parents, Peter and Damaris Burchett."
aggv:23599-three-sisters-alberta,aggv,"Three Sisters, Alberta",1955,c. 1955,Art Gallery of Greater Victoria,2025.009.002,oil,"Image: 100.5 × 81.3 cm (39 9/16 × 32 in.)
Framed: 117.4 × 97.7 cm",,,Abstract representation of a trio of peaks in Alberta named Three Sisters - vertical lines and curves in black filled with an array of colours on a background of tan and blue-grey that seems to be in mouvement.,Check institution terms; Harris died 1970 — PD in Canada for works,https://aggv.ca/emuseum/objects/23599/three-sisters-alberta,https://aggv.ca/emuseum/internal/media/dispatcher/22910/full,data/swarm/canada_museums/images/aggv/23599-three-sisters-alberta.jpg,8f35e668bb96934fda04c9bfcb1d3c29e81242dd61136f15e6a403e527dc01d0,800,639,,high,credit: Gift of Fred Wurlitzer
aggv:5490-abstract-drawing,aggv,Abstract Drawing,,20th Century,Art Gallery of Greater Victoria,1980.078.001,pencil,Overall (support): 21.4 x 28 cm,,,,Check institution terms; Harris died 1970 — PD in Canada for works,https://aggv.ca/emuseum/objects/5490/abstract-drawing,https://aggv.ca/emuseum/internal/media/dispatcher/2965/full,data/swarm/canada_museums/images/aggv/5490-abstract-drawing.jpg,feea3c3cb13866590df32be626f100d66510db8bafde512b226d4bf785db8076,800,549,,high,credit: Women's Committee Cultural Fund
aggv:3734-sheet-of-studies,aggv,Sheet of Studies,,,Art Gallery of Greater Victoria,1981.222.010,pencil,Overall (sheet): 27.7 x 21.2 cm,,,,Check institution terms; Harris died 1970 — PD in Canada for works,https://aggv.ca/emuseum/objects/3734/sheet-of-studies,https://aggv.ca/emuseum/internal/media/dispatcher/1554/full,data/swarm/canada_museums/images/aggv/3734-sheet-of-studies.jpg,e938d140de01a6e4f63e0aa08ad5323a0e01dbe74a59450f841966b6a3be15dd,535,800,,high,credit: Gift of Mrs. Peggy Knox
aggv:3733-mountain-landscape,aggv,Mountain Landscape,,,Art Gallery of Greater Victoria,1981.222.009,pencil,Overall (sheet/image): 19.5 x 25.3 cm,,,,Check institution terms; Harris died 1970 — PD in Canada for works,https://aggv.ca/emuseum/objects/3733/mountain-landscape,https://aggv.ca/emuseum/internal/media/dispatcher/1553/full,data/swarm/canada_museums/images/aggv/3733-mountain-landscape.jpg,25469dbd1cd47c4bcb2c2832e99ba828338992e2a56e6e86de37c3f71e77be62,800,614,,high,credit: Gift of Mrs. Peggy Knox
aggv:3730-abstract,aggv,Abstract,,20th Century,Art Gallery of Greater Victoria,1981.222.006,pencil,Overall (sheet): 25.3 x 20 cm,,,,Check institution terms; Harris died 1970 — PD in Canada for works,https://aggv.ca/emuseum/objects/3730/abstract,https://aggv.ca/emuseum/internal/media/dispatcher/1550/full,data/swarm/canada_museums/images/aggv/3730-abstract.jpg,e5660db96eb4c0f17e12caa06f21db07f856e0d2f9f0e5b0efee62f93e8b1e5d,630,800,,high,credit: Gift of Mrs. Peggy Knox
aggv:3729-mountain-landscape,aggv,Mountain Landscape,,,Art Gallery of Greater Victoria,1981.222.005,pencil,Overall (sheet/image): 19.5 x 25.2 cm,,,,Check institution terms; Harris died 1970 — PD in Canada for works,https://aggv.ca/emuseum/objects/3729/mountain-landscape,https://aggv.ca/emuseum/internal/media/dispatcher/1549/full,data/swarm/canada_museums/images/aggv/3729-mountain-landscape.jpg,95b4bdb6e62a9cd71205a39be2e891b27f1413ac95f374c9d0b51b1f2905eddb,800,534,,high,credit: Gift of Mrs. Peggy Knox
aggv:3732-sheet-of-studies,aggv,Sheet of Studies,,,Art Gallery of Greater Victoria,1981.222.008,pencil,Overall (sheet): 27.7 x 21.2 cm,,,,Check institution terms; Harris died 1970 — PD in Canada for works,https://aggv.ca/emuseum/objects/3732/sheet-of-studies,https://aggv.ca/emuseum/internal/media/dispatcher/1552/full,data/swarm/canada_museums/images/aggv/3732-sheet-of-studies.jpg,164e1cf62c37f8e6a8391e12fd3680ef270bd45bc5a55a09e21a31bf94b2cf1f,613,800,,high,credit: Gift of Mrs. Peggy Knox
aggv:3731-abstract,aggv,Abstract,,20th Century,Art Gallery of Greater Victoria,1981.222.007,pencil,Overall (sheet): 21.3 x 27.6 cm,,,,Check institution terms; Harris died 1970 — PD in Canada for works,https://aggv.ca/emuseum/objects/3731/abstract,https://aggv.ca/emuseum/internal/media/dispatcher/1551/full,data/swarm/canada_museums/images/aggv/3731-abstract.jpg,377dfa296321167f40ce08af9584087caa54c74af49e01cbdf0b72f323e1ddc7,800,534,,high,credit: Gift of Mrs. Peggy Knox
aggv:3726-mountain-landscape,aggv,Mountain Landscape,,,Art Gallery of Greater Victoria,1981.222.002,pencil,Overall (sheet/image): 19.5 x 25.3 cm,,,,Check institution terms; Harris died 1970 — PD in Canada for works,https://aggv.ca/emuseum/objects/3726/mountain-landscape,https://aggv.ca/emuseum/internal/media/dispatcher/1546/full,data/swarm/canada_museums/images/aggv/3726-mountain-landscape.jpg,0d8e63fb3c7f574cfaabc2922b5a0a74d0407651dfc21295e4ea43e1eab0b699,800,610,,high,credit: Gift of Mrs. Peggy Knox
aggv:3725-abstract,aggv,Abstract,,20th Century,Art Gallery of Greater Victoria,1981.222.001,graphite,Overall (sheet): 19.9 x 21.1 cm,,,,Check institution terms; Harris died 1970 — PD in Canada for works,https://aggv.ca/emuseum/objects/3725/abstract,https://aggv.ca/emuseum/internal/media/dispatcher/1545/full,data/swarm/canada_museums/images/aggv/3725-abstract.jpg,8140d7640f4bdf98305426e5ec0f2d0566be1e4e5d342a0bee473be54393dc98,800,750,,high,credit: Gift of Mrs. Peggy Knox
aggv:3728-mountain-landscape,aggv,Mountain Landscape,,,Art Gallery of Greater Victoria,1981.222.004,pencil,Overall (sheet/image): 19.5 x 25.2 cm,,,,Check institution terms; Harris died 1970 — PD in Canada for works,https://aggv.ca/emuseum/objects/3728/mountain-landscape,https://aggv.ca/emuseum/internal/media/dispatcher/1548/full,data/swarm/canada_museums/images/aggv/3728-mountain-landscape.jpg,f2425c0c6800f760e9340b9850421d685c3b7a59c7fb190af465adfa49d17b68,800,534,,high,credit: Gift of Mrs. Peggy Knox
aggv:3727-mountain-landscape,aggv,Mountain Landscape,,,Art Gallery of Greater Victoria,1981.222.003,pencil,Overall: 19.3 x 24.9 cm,,,,Check institution terms; Harris died 1970 — PD in Canada for works,https://aggv.ca/emuseum/objects/3727/mountain-landscape,https://aggv.ca/emuseum/internal/media/dispatcher/1547/full,data/swarm/canada_museums/images/aggv/3727-mountain-landscape.jpg,9a2616e1d586224515c5a5977e08142a9a1df99fff3bb0ceaf02e26e6c05e6bd,800,620,,high,credit: Gift of Mrs. Peggy Knox
aggv:3385-lyric-theme,aggv,Lyric Theme,1955,c.1955,Art Gallery of Greater Victoria,1981.225.013,oil,Overall: 92.2 x 77 cm,,,,Check institution terms; Harris died 1970 — PD in Canada for works,https://aggv.ca/emuseum/objects/3385/lyric-theme,https://aggv.ca/emuseum/internal/media/dispatcher/16924/full,data/swarm/canada_museums/images/aggv/3385-lyric-theme.jpg,30173b9ffd3d9689d40968823cbb18118c61129ab5d9f1a8896ffb6f69901a77,649,800,,high,credit: Gift of Dr. Edelson
wikidata-ca:q59504690-noon-from-slate-island-lake-superior,national_gallery_canada,"Noon from Slate Island, Lake Superior",1925,1925-01-01,National Gallery of Canada,4597,,,,,,Public domain in Canada (artist d.1970); image may have separate rights,https://www.wikidata.org/wiki/Q59504690,,,,,,Q59504690,medium,Wikidata P170=Lawren Harris; Canadian collection; no P18 image on Wikidata
wikidata-ca:q59494067-mrs-oscar-taylor,national_gallery_canada,Mrs. Oscar Taylor,1920,1920-01-01,National Gallery of Canada,14668,canvas,96.8 x 112.2,,,,Public domain in Canada (artist d.1970); image may have separate rights,https://www.wikidata.org/wiki/Q59494067,,,,,,Q59494067,medium,Wikidata P170=Lawren Harris; Canadian collection; no P18 image on Wikidata
wikidata-ca:q59496884-in-the-ward-toronto,national_gallery_canada,"In the Ward, Toronto",1919,1919-01-01,National Gallery of Canada,15476,,26.7 x 34.7,,,,Public domain in Canada (artist d.1970); image may have separate rights,https://www.wikidata.org/wiki/Q59496884,,,,,,Q59496884,medium,Wikidata P170=Lawren Harris; Canadian collection; no P18 image on Wikidata
wikidata-ca:q59496888-lake-superior,national_gallery_canada,Lake Superior,1928,1928-01-01,National Gallery of Canada,15477,canvas,86.1 x 102.2,,,,Public domain in Canada (artist d.1970); image may have separate rights,https://www.wikidata.org/wiki/Q59496888,,,,,,Q59496888,medium,Wikidata P170=Lawren Harris; Canadian collection; no P18 image on Wikidata
wikidata-ca:q59497205-equations-in-space,national_gallery_canada,Equations in Space,1936,1936-01-01,National Gallery of Canada,15673,canvas,76.3 x 122.2,,,,Public domain in Canada (artist d.1970); image may have separate rights,https://www.wikidata.org/wiki/Q59497205,,,,,,Q59497205,medium,Wikidata P170=Lawren Harris; Canadian collection; no P18 image on Wikidata
wikidata-ca:q59498757-afternoon-sun-north-shore-lake-superior,national_gallery_canada,"Afternoon Sun, North Shore, Lake Superior",1924,1924-01-01,National Gallery of Canada,3351,canvas,101.7 x 127.6,,,,Public domain in Canada (artist d.1970); image may have separate rights,https://www.wikidata.org/wiki/Q59498757,,,,,,Q59498757,medium,Wikidata P170=Lawren Harris; Canadian collection; no P18 image on Wikidata
wikidata-ca:q59499692-maligne-lake-jasper-park,national_gallery_canada,"Maligne Lake, Jasper Park",1924,1924-01-01,National Gallery of Canada,3541,canvas,122.8 x 152.8,,,,Public domain in Canada (artist d.1970); image may have separate rights,https://www.wikidata.org/wiki/Q59499692,,,,,,Q59499692,medium,Wikidata P170=Lawren Harris; Canadian collection; no P18 image on Wikidata
wikidata-ca:q59499947-abstract-painting,national_gallery_canada,Abstract Painting,1950,1950-01-01,National Gallery of Canada,36165,,73.5 x 79.2,,,,Public domain in Canada (artist d.1970); image may have separate rights,https://www.wikidata.org/wiki/Q59499947,,,,,,Q59499947,medium,Wikidata P170=Lawren Harris; Canadian collection; no P18 image on Wikidata
wikidata-ca:q59500000-the-drive,national_gallery_canada,The Drive,1912,1912-01-01,National Gallery of Canada,359,canvas,90.7 x 137.6,,,,Public domain in Canada (artist d.1970); image may have separate rights,https://www.wikidata.org/wiki/Q59500000,,,,,,Q59500000,medium,Wikidata P170=Lawren Harris; Canadian collection; no P18 image on Wikidata
wikidata-ca:q59501831-north-shore-lake-superior,national_gallery_canada,"North Shore, Lake Superior",1926,1926-01-01,National Gallery of Canada,3708,canvas,102.2 x 128.3,,,,Public domain in Canada (artist d.1970); image may have separate rights,https://www.wikidata.org/wiki/Q59501831,,,,,,Q59501831,medium,Wikidata P170=Lawren Harris; Canadian collection; no P18 image on Wikidata
wikidata-ca:q59502622-beaver-pond,national_gallery_canada,Beaver Pond,1921,1921-01-01,National Gallery of Canada,38020,canvas,81.7 x 102,,,,Public domain in Canada (artist d.1970); image may have separate rights,https://www.wikidata.org/wiki/Q59502622,,,,,,Q59502622,medium,Wikidata P170=Lawren Harris; Canadian collection; no P18 image on Wikidata
wikidata-ca:q59503728-pic-island-lake-superior,national_gallery_canada,"Pic Island, Lake Superior",1924,1924-01-01,National Gallery of Canada,16441,,29.7 x 37.2,,,,Public domain in Canada (artist d.1970); image may have separate rights,https://www.wikidata.org/wiki/Q59503728,,,,,,Q59503728,medium,Wikidata P170=Lawren Harris; Canadian collection; no P18 image on Wikidata
wikidata-ca:q59504014-greenland-mountains,national_gallery_canada,Greenland Mountains,1930,1930-01-01,National Gallery of Canada,4279,canvas,107.4 x 128.4,,,,Public domain in Canada (artist d.1970); image may have separate rights,https://www.wikidata.org/wiki/Q59504014,,,,,,Q59504014,medium,Wikidata P170=Lawren Harris; Canadian collection; no P18 image on Wikidata
wikidata-ca:q59504510-north-shore-baffin-island,national_gallery_canada,"North Shore, Baffin Island",1930,1930-01-01,National Gallery of Canada,4561,,30.4 x 37.8,,,,Public domain in Canada (artist d.1970); image may have separate rights,https://www.wikidata.org/wiki/Q59504510,,,,,,Q59504510,medium,Wikidata P170=Lawren Harris; Canadian collection; no P18 image on Wikidata
wikidata-ca:q59504587-north-shore-lake-superior,national_gallery_canada,"North Shore, Lake Superior",1926,1926-01-01,National Gallery of Canada,4562,,30.5 x 38,,,,Public domain in Canada (artist d.1970); image may have separate rights,https://www.wikidata.org/wiki/Q59504587,,,,,,Q59504587,medium,Wikidata P170=Lawren Harris; Canadian collection; no P18 image on Wikidata
wikidata-ca:q59504678-lake-harbour-south-shore-baffin-island-morning,national_gallery_canada,"Lake Harbour, South Shore, Baffin Island, Morning",1930,1930-01-01,National Gallery of Canada,4594,,30.2 x 38.2,,,,Public domain in Canada (artist d.1970); image may have separate rights,https://www.wikidata.org/wiki/Q59504678,,,,,,Q59504678,medium,Wikidata P170=Lawren Harris; Canadian collection; no P18 image on Wikidata
wikidata-ca:q59504681-near-lake-harbour-baffin-island-south,national_gallery_canada,"Near Lake Harbour, Baffin Island South",1930,1930-01-01,National Gallery of Canada,4595,,30.4 x 38.2,,,,Public domain in Canada (artist d.1970); image may have separate rights,https://www.wikidata.org/wiki/Q59504681,,,,,,Q59504681,medium,Wikidata P170=Lawren Harris; Canadian collection; no P18 image on Wikidata
wikidata-ca:q59504686-from-opabin-pass-rocky-mountains,national_gallery_canada,"From Opabin Pass, Rocky Mountains",1924,1924-01-01,National Gallery of Canada,4596,,30.3 x 37.8,,,,Public domain in Canada (artist d.1970); image may have separate rights,https://www.wikidata.org/wiki/Q59504686,,,,,,Q59504686,medium,Wikidata P170=Lawren Harris; Canadian collection; no P18 image on Wikidata
wikidata-ca:q59504695-coldwell-bay-north-of-lake-superior,national_gallery_canada,"Coldwell Bay, North of Lake Superior",1923,1923-01-01,National Gallery of Canada,4598,,30.5 x 37.9,,,,Public domain in Canada (artist d.1970); image may have separate rights,https://www.wikidata.org/wiki/Q59504695,,,,,,Q59504695,medium,Wikidata P170=Lawren Harris; Canadian collection; no P18 image on Wikidata
wikidata-ca:q59504697-high-country-lake-superior,national_gallery_canada,"High Country, Lake Superior",1925,1925-01-01,National Gallery of Canada,4599,,30.2 x 38,,,,Public domain in Canada (artist d.1970); image may have separate rights,https://www.wikidata.org/wiki/Q59504697,,,,,,Q59504697,medium,Wikidata P170=Lawren Harris; Canadian collection; no P18 image on Wikidata
wikidata-ca:q59504875-silent-land,national_gallery_canada,Silent Land,1920,1920-01-01,National Gallery of Canada,4755,,27 x 35.3,,,,Public domain in Canada (artist d.1970); image may have separate rights,https://www.wikidata.org/wiki/Q59504875,,,,,,Q59504875,medium,Wikidata P170=Lawren Harris; Canadian collection; no P18 image on Wikidata
wikidata-ca:q59505409-red-house-winter,national_gallery_canada,"Red House, Winter",1925,1925-01-01,National Gallery of Canada,5013,canvas,90.3 x 115,,,,Public domain in Canada (artist d.1970); image may have separate rights,https://www.wikidata.org/wiki/Q59505409,,,,,,Q59505409,medium,Wikidata P170=Lawren Harris; Canadian collection; no P18 image on Wikidata
wikidata-ca:q59505415-abstract-painting-no-20,national_gallery_canada,Abstract Painting No. 20,1943,1943-01-01,National Gallery of Canada,5016,canvas,152.4 x 152.4,,,,Public domain in Canada (artist d.1970); image may have separate rights,https://www.wikidata.org/wiki/Q59505415,,,,,,Q59505415,medium,Wikidata P170=Lawren Harris; Canadian collection; no P18 image on Wikidata
wikidata-ca:q59505564-january-thaw-edge-of-town,national_gallery_canada,"January Thaw, Edge of Town",1921,1921-01-01,National Gallery of Canada,5005,canvas,107 x 127.2,,,,Public domain in Canada (artist d.1970); image may have separate rights,https://www.wikidata.org/wiki/Q59505564,,,,,,Q59505564,medium,Wikidata P170=Lawren Harris; Canadian collection; no P18 image on Wikidata
wikidata-ca:q59505579-black-court-halifax,national_gallery_canada,"Black Court, Halifax",1921,1921-01-01,National Gallery of Canada,5007,canvas,97.1 x 112,,,,Public domain in Canada (artist d.1970); image may have separate rights,https://www.wikidata.org/wiki/Q59505579,,,,,,Q59505579,medium,Wikidata P170=Lawren Harris; Canadian collection; no P18 image on Wikidata
wikidata-ca:q59505596-north-shore-baffin-island-i,national_gallery_canada,"North Shore, Baffin Island I",1930,1930-01-01,National Gallery of Canada,5008,canvas,81.4 x 107.5,,,,Public domain in Canada (artist d.1970); image may have separate rights,https://www.wikidata.org/wiki/Q59505596,,,,,,Q59505596,medium,Wikidata P170=Lawren Harris; Canadian collection; no P18 image on Wikidata
wikidata-ca:q59505608-toronto-street-winter-morning,national_gallery_canada,"Toronto Street, Winter Morning",1920,1920-01-01,National Gallery of Canada,5010,canvas,97.5 x 112.2,,,,Public domain in Canada (artist d.1970); image may have separate rights,https://www.wikidata.org/wiki/Q59505608,,,,,,Q59505608,medium,Wikidata P170=Lawren Harris; Canadian collection; no P18 image on Wikidata
wikidata-ca:q59505621-lighthouse-father-point,national_gallery_canada,"Lighthouse, Father Point",1930,1930-01-01,National Gallery of Canada,5011,canvas,107.9 x 128.1,,,,Public domain in Canada (artist d.1970); image may have separate rights,https://www.wikidata.org/wiki/Q59505621,,,,,,Q59505621,medium,Wikidata P170=Lawren Harris; Canadian collection; no P18 image on Wikidata
wikidata-ca:q59505642-italian-store-in-the-ward,national_gallery_canada,Italian Store in the Ward,1922,1922-01-01,National Gallery of Canada,5012,canvas,81.8 x 97,,,,Public domain in Canada (artist d.1970); image may have separate rights,https://www.wikidata.org/wiki/Q59505642,,,,,,Q59505642,medium,Wikidata P170=Lawren Harris; Canadian collection; no P18 image on Wikidata
wikidata-ca:q59506765-pine-plains-ontario,national_gallery_canada,"Pine Plains, Ontario",1915,1915-01-01,National Gallery of Canada,6964,,26.8 x 34.6,,,,Public domain in Canada (artist d.1970); image may have separate rights,https://www.wikidata.org/wiki/Q59506765,,,,,,Q59506765,medium,Wikidata P170=Lawren Harris; Canadian collection; no P18 image on Wikidata
wikidata-ca:q59506770-near-sand-lake-algoma,national_gallery_canada,"Near Sand Lake, Algoma",1921,1921-01-01,National Gallery of Canada,6965,,26.9 x 35.3,,,,Public domain in Canada (artist d.1970); image may have separate rights,https://www.wikidata.org/wiki/Q59506770,,,,,,Q59506770,medium,Wikidata P170=Lawren Harris; Canadian collection; no P18 image on Wikidata
wikidata-ca:q59506773-north-greenland,national_gallery_canada,North Greenland,1930,1930-01-01,National Gallery of Canada,6966,,30.2 x 38,,,,Public domain in Canada (artist d.1970); image may have separate rights,https://www.wikidata.org/wiki/Q59506773,,,,,,Q59506773,medium,Wikidata P170=Lawren Harris; Canadian collection; no P18 image on Wikidata
wikidata-ca:q59506872-shacks,national_gallery_canada,Shacks,1919,1919-01-01,National Gallery of Canada,1693,canvas,107.9 x 128,,,,Public domain in Canada (artist d.1970); image may have separate rights,https://www.wikidata.org/wiki/Q59506872,,,,,,Q59506872,medium,Wikidata P170=Lawren Harris; Canadian collection; no P18 image on Wikidata
wikidata-ca:q59506921-nature-rhythms,national_gallery_canada,Nature Rhythms,1950,1950-01-01,National Gallery of Canada,17160,canvas,101.7 x 129,,,,Public domain in Canada (artist d.1970); image may have separate rights,https://www.wikidata.org/wiki/Q59506921,,,,,,Q59506921,medium,Wikidata P170=Lawren Harris; Canadian collection; no P18 image on Wikidata
wikidata-ca:q59506925-abstraction,national_gallery_canada,Abstraction,1939,1939-01-01,National Gallery of Canada,17161,canvas,140.6 x 87.6,,,,Public domain in Canada (artist d.1970); image may have separate rights,https://www.wikidata.org/wiki/Q59506925,,,,,,Q59506925,medium,Wikidata P170=Lawren Harris; Canadian collection; no P18 image on Wikidata
wikidata-ca:q59507531-white-triangle,national_gallery_canada,White Triangle,1939,1939-01-01,National Gallery of Canada,17159,canvas,129.5 x 93.2,,,,Public domain in Canada (artist d.1970); image may have separate rights,https://www.wikidata.org/wiki/Q59507531,,,,,,Q59507531,medium,Wikidata P170=Lawren Harris; Canadian collection; no P18 image on Wikidata
wikidata-ca:q59509062-winter-morning,national_gallery_canada,Winter Morning,1914,1914-01-01,National Gallery of Canada,1036,canvas,103 x 115.1,,,,Public domain in Canada (artist d.1970); image may have separate rights,https://www.wikidata.org/wiki/Q59509062,,,,,,Q59509062,medium,Wikidata P170=Lawren Harris; Canadian collection; no P18 image on Wikidata
wikidata-ca:q59517082-north-shore-baffin-island-ii,national_gallery_canada,"North Shore, Baffin Island II",1931,1931-01-01,National Gallery of Canada,5014,canvas,104.3 x 127.2,,,,Public domain in Canada (artist d.1970); image may have separate rights,https://www.wikidata.org/wiki/Q59517082,,,,,,Q59517082,medium,Wikidata P170=Lawren Harris; Canadian collection; no P18 image on Wikidata
wikidata-ca:q59533205-untitled,national_gallery_canada,Untitled,1968,1968-01-01,National Gallery of Canada,30032,canvas,117 x 165.5,,,,Public domain in Canada (artist d.1970); image may have separate rights,https://www.wikidata.org/wiki/Q59533205,,,,,,Q59533205,medium,Wikidata P170=Lawren Harris; Canadian collection; no P18 image on Wikidata
wikidata-ca:q59533268-fish-stage-quidi-vidi-newfoundland,national_gallery_canada,"Fish Stage, Quidi Vidi, Newfoundland",1921,1921-01-01,National Gallery of Canada,30151,,26.6 x 35,,,,Public domain in Canada (artist d.1970); image may have separate rights,https://www.wikidata.org/wiki/Q59533268,,,,,,Q59533268,medium,Wikidata P170=Lawren Harris; Canadian collection; no P18 image on Wikidata
wikidata-ca:q59533944-study-for-lighthouse-father-point,national_gallery_canada,"Study for ""Lighthouse, Father Point""",1929,1929-01-01,National Gallery of Canada,36121,,30.4 x 37.9,,,,Public domain in Canada (artist d.1970); image may have separate rights,https://www.wikidata.org/wiki/Q59533944,,,,,,Q59533944,medium,Wikidata P170=Lawren Harris; Canadian collection; no P18 image on Wikidata
wikidata-ca:q59534275-on-the-agawa-river-algoma,national_gallery_canada,"On the Agawa River, Algoma",1919,1919-01-01,National Gallery of Canada,38389,,26.5 x 35.5,,,,Public domain in Canada (artist d.1970); image may have separate rights,https://www.wikidata.org/wiki/Q59534275,,,,,,Q59534275,medium,Wikidata P170=Lawren Harris; Canadian collection; no P18 image on Wikidata
wikidata-ca:q59536363-lake-superior-sketch-no-63,national_gallery_canada,"Lake Superior Sketch, No. 63",1926,1926-01-01,National Gallery of Canada,16550,,30.3 x 37.8,,,,Public domain in Canada (artist d.1970); image may have separate rights,https://www.wikidata.org/wiki/Q59536363,,,,,,Q59536363,medium,Wikidata P170=Lawren Harris; Canadian collection; no P18 image on Wikidata
wikidata-ca:q59537727-decorative-landscape,national_gallery_canada,Decorative Landscape,1917,1917-01-01,National Gallery of Canada,36813,canvas,122.5 x 131.7,,,,Public domain in Canada (artist d.1970); image may have separate rights,https://www.wikidata.org/wiki/Q59537727,,,,,,Q59537727,medium,Wikidata P170=Lawren Harris; Canadian collection; no P18 image on Wikidata
wikidata-ca:q59537988-toronto-houses,national_gallery_canada,Toronto Houses,1919,1919-01-01,National Gallery of Canada,4579,,27 x 32.5,,,,Public domain in Canada (artist d.1970); image may have separate rights,https://www.wikidata.org/wiki/Q59537988,,,,,,Q59537988,medium,Wikidata P170=Lawren Harris; Canadian collection; no P18 image on Wikidata
wikidata-ca:q59539162-snow-ii,national_gallery_canada,Snow II,1915,1915-01-01,National Gallery of Canada,1193,canvas,120.3 x 127.3,,,,Public domain in Canada (artist d.1970); image may have separate rights,https://www.wikidata.org/wiki/Q59539162,,,,,,Q59539162,medium,Wikidata P170=Lawren Harris; Canadian collection; no P18 image on Wikidata
wikidata-ca:q59548651-pines-and-sumac-evening,national_gallery_canada,"Pines and Sumac, Evening",,,National Gallery of Canada,29451,,27 x 33.1,,,,Public domain in Canada (artist d.1970); image may have separate rights,https://www.wikidata.org/wiki/Q59548651,,,,,,Q59548651,medium,Wikidata P170=Lawren Harris; Canadian collection; no P18 image on Wikidata
wikidata-ca:q59571719-north-shore-lake-superior,mnbaq,"North Shore, Lake Superior",1924,1924-01-01,Musée national des beaux-arts du Québec,1983.04,,27 x 35.2,,,,Public domain in Canada (artist d.1970); image may have separate rights,https://www.wikidata.org/wiki/Q59571719,,,,,,Q59571719,medium,Wikidata P170=Lawren Harris; Canadian collection; no P18 image on Wikidata
wikidata-ca:q63146199-billboard-jazz,national_gallery_canada,Billboard (Jazz),1921,1921-01-01,National Gallery of Canada,47043,canvas,107.2 x 127.5,,,,Public domain in Canada (artist d.1970); image may have separate rights,https://www.wikidata.org/wiki/Q63146199,,,,,,Q63146199,medium,Wikidata P170=Lawren Harris; Canadian collection; no P18 image on Wikidata
wikidata-ca:q63148023-abstract-sketch,national_gallery_canada,Abstract Sketch,1936,1936-01-01,National Gallery of Canada,17614,,37.9 x 30.2,,,,Public domain in Canada (artist d.1970); image may have separate rights,https://www.wikidata.org/wiki/Q63148023,,,,,,Q63148023,medium,Wikidata P170=Lawren Harris; Canadian collection; no P18 image on Wikidata
wikidata-ca:q135103695-miners-houses-glace-bay,ago,"Miners' Houses, Glace Bay",1925,1925-01-01,Art Gallery of Ontario,69/122,canvas,107.3 x 127,,,,Public domain in Canada (artist d.1970); image may have separate rights,https://www.wikidata.org/wiki/Q135103695,"https://commons.wikimedia.org/wiki/Special:FilePath/Lawren Harris Miners' Houses, Glace Bay 1925.png?width=2000",,,,,Q135103695,high,Wikidata P170=Lawren Harris; Canadian collection
wikidata-ca:q138809335-2023-122,mnbaq,,1924,1924-01-01,Musée national des beaux-arts du Québec,2023.122,,27 x 35.2,,,,Public domain in Canada (artist d.1970); image may have separate rights,https://www.wikidata.org/wiki/Q138809335,,,,,,Q138809335,medium,Wikidata P170=Lawren Harris; Canadian collection; no P18 image on Wikidata
